Date,Open,Close,Volume,Returns,Range,Bench_C_Rets,RSI,RSI_Return,MA_12,MA_21,DOW,Rolling_rets,AVG_Range,Returns_T1,Range_T1,Rolling_rets_T1,Returns_T2,Range_T2,Rolling_rets_T2,HMM
2022-11-24,0.0256889610482407,16604.46484375,-0.2072230342772298,-0.0003757930043709,0.0163441298014357,1.5274280284974724,40.2952940699705,0.9988983242967802,16508.876383463543,17519.430617559523,3,-0.1634068737895309,0.04415842999902,0.0260002157033485,0.0289224417892943,-0.1242477795755504,0.0254942741881059,0.0380951905723203,-0.1615647765158104,0
2022-11-25,-0.00056389311051,16521.841796875,-0.2851533074084028,-0.0049759536156385,0.0131136689992434,1.5148112320807745,39.67229107679007,0.9845390632439952,16522.916097005207,17299.174014136905,4,-0.2019511380382203,0.0431643034672374,-0.0003757930043709,0.0163441298014357,-0.1634068737895309,0.0260002157033485,0.0289224417892943,-0.1242477795755504,2
2022-11-26,-0.0048603812402342,16464.28125,-0.0363121274744008,-0.0034839061881034,0.0152674998027986,1.5059892189724169,39.217383875974654,0.9885333771136412,16510.089599609375,17069.725911458332,5,-0.1821035483148224,0.0426880134307922,-0.0049759536156385,0.0131136689992434,-0.2019511380382203,-0.0003757930043709,0.0163441298014357,-0.1634068737895309,2
2022-11-27,-0.0034920009310741,16444.626953125,0.1357715863943231,-0.0011937537130568,0.0095747774086156,1.5023273174508345,39.05271782258388,0.995801197399818,16473.424072265625,16856.304036458332,6,-0.1985550230285621,0.0419468820359212,-0.0034839061881034,0.0152674998027986,-0.1821035483148224,-0.0049759536156385,0.0131136689992434,-0.2019511380382203,2
2022-11-28,-0.0014370945492904,16217.322265625,0.3570320329944267,-0.0138224289397337,0.0266842637570843,1.467787371068765,37.11194485164764,0.9503037668273652,16435.747639973957,16647.47098214286,0,-0.223211207309781,0.0421525424282611,-0.0011937537130568,0.0095747774086156,-0.1985550230285621,-0.0034839061881034,0.0152674998027986,-0.1821035483148224,2
2022-11-29,-0.0135389290319545,16444.982421875,-0.1499958877808257,0.0140380854817543,0.0237221589106915,1.5025055744355835,40.31141509654572,1.086211333242915,16415.536376953125,16547.64769345238,1,-0.2003889513664662,0.0423437861709079,-0.0138224289397337,0.0266842637570843,-0.223211207309781,-0.0011937537130568,0.0095747774086156,-0.1985550230285621,2
2022-11-30,0.0140487098616999,17168.56640625,0.2519705863714898,0.0440002893169708,0.0453292389957153,1.6125306484041713,49.1639614824739,1.2196039599385522,16454.768798828125,16608.970842633928,2,-0.1496125055867526,0.0430203186519029,0.0140380854817543,0.0237221589106915,-0.2003889513664662,-0.0138224289397337,0.0266842637570843,-0.223211207309781,2
2022-12-01,0.0439345973270575,16967.1328125,-0.2245047676512398,-0.0117326973600236,0.0183030708853102,1.5821145984330234,47.071014968977,0.9574292540636092,16476.067626953125,16579.46423921131,3,-0.1608329022018437,0.0431598160085883,0.0440002893169708,0.0453292389957153,-0.1496125055867526,0.0140380854817543,0.0237221589106915,-0.2003889513664662,2
2022-12-02,-0.0116098751572379,17088.66015625,-0.1465660699641537,0.0071625150279055,0.0124884929945408,1.6008277965702478,48.49558085989937,1.0302641846975524,16542.469970703125,16582.053152901786,4,-0.1377677665794944,0.0424880465001069,-0.0117326973600236,0.0183030708853102,-0.1608329022018437,0.0440002893169708,0.0453292389957153,-0.1496125055867526,2
2022-12-03,0.0071551845391659,16908.236328125,-0.1700091378763825,-0.0105581026525951,0.0134946999604936,1.573357882938646,46.49480703887576,0.958743172356184,16635.882649739582,16587.246047247023,5,-0.1508301161240156,0.0424468944756972,0.0071625150279055,0.0124884929945408,-0.1377677665794944,-0.0117326973600236,0.0183030708853102,-0.1608329022018437,2
2022-12-04,-0.0106452132711171,17130.486328125,0.0374122875825728,0.013144481522908,0.0150459393607602,1.606941073723735,49.27121239528006,1.059714310763412,16714.275716145832,16624.251813616072,6,-0.184060831580788,0.0412617141647825,-0.0105581026525951,0.0134946999604936,-0.1508301161240156,0.0071625150279055,0.0124884929945408,-0.1377677665794944,2
2022-12-05,0.0130543169600771,16974.826171875,0.3200427553573304,-0.0090867330482284,0.0269299774880442,1.5833152114883269,47.41543017407759,0.962335365196326,16744.618977864582,16641.234049479168,0,-0.1995531758838885,0.0416075773837264,0.013144481522908,0.0150459393607602,-0.184060831580788,-0.0105581026525951,0.0134946999604936,-0.1508301161240156,0
2022-12-06,-0.0089705876651683,17089.50390625,-0.1044241252391151,0.0067557530907154,0.0089694278032199,1.600767748449108,48.941205690649184,1.032178881662994,16785.038899739582,16650.990745907737,1,-0.1760605791616203,0.041229085944819,-0.0090867330482284,0.0269299774880442,-0.1995531758838885,0.013144481522908,0.0150459393607602,-0.184060831580788,0
2022-12-07,0.0067314270487275,16848.126953125,-0.0107852597923832,-0.0141242808714139,0.0214212772288611,1.563915474157486,45.92094445976027,0.9382879684252248,16812.229329427082,16659.499674479168,2,-0.1747178620478068,0.0410267885334545,0.0067557530907154,0.0089694278032199,-0.1760605791616203,-0.0090867330482284,0.0269299774880442,-0.1995531758838885,2
2022-12-08,-0.0141698801587734,17233.474609375,0.0417373571980614,0.022871839541696,0.0285388647112208,1.6223551232019968,51.108306164231365,1.1129628705484638,16876.328776041668,16685.497628348214,3,-0.0517847065566264,0.0361817846352961,-0.0141242808714139,0.0214212772288611,-0.1747178620478068,0.0067557530907154,0.0089694278032199,-0.1760605791616203,0
2022-12-09,0.0228403183317851,17133.15234375,-0.0082051351476166,-0.0058213603407883,0.0105088978197793,1.6072520174469385,49.76982327144271,0.9738108539835468,16933.705891927082,16706.22977120536,4,0.0858841577713482,0.0303516658376279,0.022871839541696,0.0285388647112208,-0.0517847065566264,-0.0141242808714139,0.0214212772288611,-0.1747178620478068,2
2022-12-10,-0.005682851138973,17128.724609375,-0.374925449701678,-0.00025843080632,0.0056155805694637,1.6067283185263812,49.70794814709452,0.9987567742804564,17009.656087239582,16726.095377604168,5,-0.0217991716585597,0.0258647510955513,-0.0058213603407883,0.0105088978197793,0.0858841577713482,0.022871839541696,0.0285388647112208,-0.0517847065566264,2
2022-12-11,-0.0002632022607352,17104.193359375,0.1114133276587112,-0.0014321702613265,0.008999302023583,1.602737336508801,49.34194145810778,0.9926368578340096,17064.59033203125,16764.779250372023,6,0.008183094556749,0.0239333134489524,-0.00025843080632,0.0056155805694637,-0.0217991716585597,-0.0058213603407883,0.0105088978197793,0.0858841577713482,0
2022-12-12,-0.0015885228652884,17206.4375,0.3891024700089449,0.0059777236188083,0.0185314285251991,1.618296375371092,50.96260914889435,1.0328456409069866,17067.746256510418,16832.357979910714,0,0.0279628246519231,0.0237204848813034,-0.0014321702613265,0.008999302023583,0.008183094556749,-0.00025843080632,0.0056155805694637,-0.0217991716585597,2
2022-12-13,0.0060775562783219,17781.318359375,0.3576975248897989,0.0334108010083435,0.0478222047310061,1.7058895845286064,58.92044945117461,1.1561505667621983,17135.595052083332,16908.146019345237,1,0.0879118355786,0.0240888485720478,0.0059777236188083,0.0185314285251991,0.0279628246519231,-0.0014321702613265,0.008999302023583,0.008183094556749,0
2022-12-14,0.0334540412168498,17815.650390625,-0.0413092109637517,0.001930792225645,0.0326399916499966,1.710808851481505,59.34476667054983,1.0072015272002777,17196.177571614582,16965.524274553572,2,0.0736481638159819,0.0225804322066217,0.0334108010083435,0.0478222047310061,0.0879118355786,0.0059777236188083,0.0185314285251991,0.0279628246519231,2
2022-12-15,0.0017758411355892,17364.865234375,-0.178974972895739,-0.0253027616935732,0.0302584256512956,1.642169459919681,51.78172826952807,0.8725576183826338,17234.22998046875,17001.733816964286,3,0.0323139381236253,0.0225625781150834,0.001930792225645,0.0326399916499966,0.0736481638159819,0.0334108010083435,0.0478222047310061,0.0879118355786,0
2022-12-16,-0.0252108800903801,16647.484375,0.1463029491218035,-0.041312204252233,0.0555225089199418,1.5329392403131412,42.49931902668131,0.82073967878146,17193.979817708332,17007.716796875,4,0.0037455157123389,0.023337694406936,-0.0253027616935732,0.0302584256512956,0.0323139381236253,0.001930792225645,0.0326399916499966,0.0736481638159819,2
2022-12-17,-0.0413235345725081,16795.091796875,-0.3981434264732643,0.0088666502727983,0.0112290970204373,1.5554766769924524,44.69608182313758,1.05168936460081,17179.001953125,17023.469680059523,5,0.0115276589115289,0.0231738347757585,-0.041312204252233,0.0555225089199418,0.0037455157123389,-0.0253027616935732,0.0302584256512956,0.0323139381236253,2
2022-12-18,0.0089281618348857,16757.9765625,-0.2446992155762218,-0.0022098857704312,0.0070408235356318,1.549991328547446,44.23842647295133,0.9897607277524416,17151.374674479168,17038.391090029763,6,0.0087029563729973,0.0226389218116854,0.0088666502727983,0.0112290970204373,0.0115276589115289,-0.041312204252233,0.0555225089199418,0.0037455157123389,0
2022-12-19,-0.0021772570770448,16439.6796875,0.5763928662214515,-0.0189937534411085,0.0249656794562453,1.5018780995642311,40.41641706556799,0.9136043093729784,17117.33740234375,17048.979538690477,0,-0.0111154296504323,0.023013534851412,-0.0022098857704312,0.0070408235356318,0.0087029563729973,0.0088666502727983,0.0112290970204373,0.0115276589115289,2
2022-12-20,-0.018930313849952,16906.3046875,0.3194354510630139,0.0283840688425822,0.0356173556081107,1.5726210941305991,47.56809617230312,1.1769498541924903,17090.0732421875,17070.947265625,1,0.0423838991312451,0.0231789810686683,-0.0189937534411085,0.0249656794562453,-0.0111154296504323,-0.0022098857704312,0.0070408235356318,0.0087029563729973,2
2022-12-21,0.0281441567937068,16817.53515625,-0.3450012427473343,-0.0052506761761861,0.0096019047381481,1.5592417839210575,46.42646035684997,0.9759999683124196,17063.771809895832,17054.231491815477,2,0.0681025977064502,0.0220199440239496,0.0283840688425822,0.0356173556081107,0.0423838991312451,-0.0189937534411085,0.0249656794562453,-0.0111154296504323,0
2022-12-22,-0.0050960599266237,16830.341796875,0.1047257784186759,0.0007615052090579,0.0165295851959781,1.5610845520906635,46.6254826634892,1.0042868292156988,17038.906575520832,17047.717633928572,3,0.0433698287274022,0.0213010905114049,-0.0052506761761861,0.0096019047381481,0.0681025977064502,0.0283840688425822,0.0356173556081107,0.0423838991312451,2
2022-12-23,0.0006697239151127,16796.953125,-0.0676521543052719,-0.0019838380157674,0.0065950183764804,1.5560073416949387,46.14418144066867,0.9896772924305314,17013.30322265625,17033.826822916668,4,0.0153857750082863,0.0205568430643111,0.0007615052090579,0.0165295851959781,0.0433698287274022,-0.0052506761761861,0.0096019047381481,0.0681025977064502,2
2022-12-24,-0.0019410967765445,16847.755859375,-0.3643115910907425,0.0030245208161823,0.0042382865608332,1.5636999963831832,47.039988179451385,1.0194132111745124,16983.4130859375,17030.946800595237,5,0.0187860888288395,0.020153314956291,-0.0019838380157674,0.0065950183764804,0.0153857750082863,0.0007615052090579,0.0165295851959781,0.0433698287274022,2
2022-12-25,0.0030082376246096,16841.986328125,0.1961842066971781,-0.0003424510242288,0.0062846425270057,1.56286217728267,46.9444879476878,0.9979698074880616,16905.135416666668,17017.20870535714,6,0.0234195914202492,0.0199256807405497,0.0030245208161823,0.0042382865608332,0.0187860888288395,-0.0019838380157674,0.0065950183764804,0.0153857750082863,0
2022-12-26,-0.0003119666150509,16919.8046875,0.0197812586091425,0.0046204977167716,0.0064092041608594,1.574625710149904,48.4642379329088,1.032373342465989,16830.481608072918,17014.58863467262,0,0.0315239953251244,0.0196304042191518,-0.0003424510242288,0.0062846425270057,0.0234195914202492,0.0030245208161823,0.0042382865608332,0.0187860888288395,2
2022-12-27,0.0045742709925931,16717.173828125,0.3248621303005341,-0.0119759573539699,0.0190945834405715,1.5436744112453584,44.86080149943664,0.9256475168667552,16776.50732421875,16996.85863095238,1,0.0207417916842113,0.0199477310868836,0.0046204977167716,0.0064092041608594,0.0315239953251244,-0.0003424510242288,0.0062846425270057,0.0234195914202492,2
2022-12-28,-0.0119916741672349,16552.572265625,0.0798252072200653,-0.0098462553654299,0.0164032339542703,1.5185907035866162,42.12107047536526,0.9389281748765504,16768.597981770832,16982.784598214286,2,0.0247179652585151,0.0196050300934565,-0.0119759573539699,0.0190945834405715,0.0207417916842113,0.0046204977167716,0.0064092041608594,0.0315239953251244,0
2022-12-29,-0.0098153981219556,16642.341796875,-0.1489779525233834,0.0054232979508825,0.0086664854173572,1.532095831239641,44.12524803267876,1.0475813538140168,16755.868815104168,16954.635416666668,3,0.0161031777276433,0.0191031743103454,-0.0098462553654299,0.0164032339542703,0.0247179652585151,-0.0119759573539699,0.0190945834405715,0.0207417916842113,3
2022-12-30,0.0053773610174836,16602.5859375,0.1006703651121037,-0.0023888380529755,0.0143190107912749,1.5262125845385812,43.40836873042935,0.9837535348986935,16742.919596354168,16929.37034970238,4,-0.030285949642303,0.018069500036864,0.0054232979508825,0.0086664854173572,0.0161031777276433,-0.0098462553654299,0.0164032339542703,0.0247179652585151,0
2022-12-31,-0.0022628149206354,16547.49609375,-0.2944270505925788,-0.0033181483870876,0.0067483980669198,1.5178938335220078,42.38086414668838,0.9763293435392174,16751.904296875,16901.692801339286,5,-0.0218714006693669,0.017684344276251,-0.0023888380529755,0.0143190107912749,-0.030285949642303,0.0054232979508825,0.0086664854173572,0.0161031777276433,2
2023-01-01,-0.0033582787883094,16625.080078125,-0.1774883585933455,0.0046885633896178,0.0066099829859112,1.5297645203154415,44.377709328821446,1.047116669806958,16728.468912760418,16878.877883184523,6,-0.0243453523076546,0.01748839394263,-0.0033181483870876,0.0067483980669198,-0.0218714006693669,-0.0023888380529755,0.0143190107912749,-0.030285949642303,3
2023-01-02,0.004689153136276,16688.470703125,0.3086652837264036,0.0038129515588565,0.0112908915176122,1.539467749167814,46.023667022359206,1.0370897398363186,16717.713541666668,16854.212797619046,0,-0.0099742980962029,0.0174149336612006,0.0046885633896178,0.0066099829859112,-0.0243453523076546,-0.0033181483870876,0.0067483980669198,-0.0218714006693669,2
2023-01-03,0.0038096811176255,16679.857421875,0.1492261135725927,-0.0005161216628667,0.0083066471742359,1.538209977351114,45.82523908607061,0.9956885674452626,16705.173177083332,16801.762276785714,1,-0.0236349012819777,0.0171902905883165,0.0038129515588565,0.0112908915176122,-0.0099742980962029,0.0046885633896178,0.0066099829859112,-0.0243453523076546,0
2023-01-04,-0.0005178654813691,16863.23828125,0.3250117508303425,0.0109941502937851,0.0178081637985936,1.5661511046699288,50.6988280508087,1.1063516320249709,16710.696940104168,16756.409319196428,2,-0.0035540179399641,0.0168862301320015,-0.0005161216628667,0.0083066471742359,-0.0236349012819777,0.0038129515588565,0.0112908915176122,-0.0099742980962029,2
2023-01-05,0.0109871297904691,16836.736328125,-0.2567066902051801,-0.0015715814888571,0.0055828886336206,1.5620780650190986,49.99879269671043,0.9861922773955106,16709.778645833332,16731.260323660714,3,-0.0118813525195367,0.0167733454930148,0.0109941502937851,0.0178081637985936,-0.0035540179399641,-0.0005161216628667,0.0083066471742359,-0.0236349012819777,2
2023-01-06,-0.0016010937100783,16951.96875,0.0526485838134949,0.0068441068167415,0.0164851226946556,1.5796357889845165,53.03530504095449,1.0607317133168266,16718.94384765625,16745.759579613095,4,0.0090870351686187,0.0166088070085413,-0.0015715814888571,0.0055828886336206,-0.0118813525195367,0.0109941502937851,0.0178081637985936,-0.0035540179399641,2
2023-01-07,0.006868691180814,16955.078125,-0.4647601223529459,0.0001834226481807,0.0035961619692044,1.5799671818519472,53.11803892747977,1.0015599775745871,16721.88330078125,16753.377976190477,5,-0.0136013817248965,0.0157773835838074,0.0068441068167415,0.0164851226946556,0.0090870351686187,-0.0015715814888571,0.0055828886336206,-0.0118813525195367,2
2023-01-08,0.0001197075770864,17091.14453125,0.2662505158836825,0.0080251123142494,0.009873153428795,1.6011050214835607,56.71175983486405,1.0676553762139196,16753.047526041668,16769.243117559523,6,0.0002450909301412,0.0157561921041079,0.0001834226481807,0.0035961619692044,-0.0136013817248965,0.0068441068167415,0.0164851226946556,0.0090870351686187,2
2023-01-09,0.0082484661350474,17196.5546875,0.9065477486104891,0.0061675305628166,0.0173139685863683,1.6165986991236183,59.31373206445423,1.045880646926964,16806.712727864582,16805.28478422619,0,0.0066710522992778,0.0161461383713381,0.0080251123142494,0.009873153428795,0.0002450909301412,0.0001834226481807,0.0035961619692044,-0.0136013817248965,2
2023-01-10,0.0057889947628713,17446.29296875,-0.1512181319533924,0.014522576515372,0.0187455952812709,1.654608558204438,64.72379080816177,1.0912108976354515,16873.708658854168,16830.998511904763,1,0.0226257990759765,0.016471014813261,0.0061675305628166,0.0173139685863683,0.0066710522992778,0.0080251123142494,0.009873153428795,0.0002450909301412,0
2023-01-11,0.0147391906429665,17934.896484375,0.1621893888580994,0.0280061510201732,0.0344274163959592,1.7567529393762769,72.44396370297761,1.1192787504937416,16984.734537760418,16884.206194196428,2,0.0446542264773414,0.0170008810756197,0.014522576515372,0.0187455952812709,0.0226257990759765,0.0061675305628166,0.0173139685863683,0.0066710522992778,2
2023-01-12,0.0384741802328028,18869.587890625,0.9034834822365798,0.0521157959882461,0.0575089238191079,1.9003185389344384,81.0070984751068,1.1182035649959503,17178.2421875,16981.313151041668,3,0.0633592214572439,0.0173237717118898,0.0280061510201732,0.0344274163959592,0.0446542264773414,0.014522576515372,0.0187455952812709,0.0226257990759765,1
2023-01-13,0.0414686690940953,19909.57421875,-0.1643148140153082,0.0551144166026911,0.0645842055819747,2.060315902667534,86.16038338755328,1.0636152264363603,17451.950032552082,17129.533203125,4,0.1165428458342899,0.0183885788429557,0.0521157959882461,0.0575089238191079,0.0633592214572439,0.0280061510201732,0.0344274163959592,0.0446542264773414,2
2023-01-14,0.0552035632364753,20976.298828125,0.3333702325373588,0.0535784742383091,0.0586359519378762,2.2244651907379063,89.35177118632876,1.0370400835430418,17809.26904296875,17326.13048735119,5,0.1954240817661724,0.0193344963858417,0.0551144166026911,0.0645842055819747,0.1165428458342899,0.0521157959882461,0.0575089238191079,0.0633592214572439,2
2023-01-15,0.0535870659723498,20880.798828125,-0.5047599517965504,-0.0045527574136173,0.0187684755350245,2.2100041532502765,87.4084495837036,0.9782508888539806,18159.347493489586,17518.454892113095,6,0.232183528604788,0.0181093619396778,0.0535784742383091,0.0586359519378762,0.1954240817661724,0.0551144166026911,0.0645842055819747,0.1165428458342899,2
2023-01-16,-0.0045410481029138,21169.6328125,0.388326678784348,0.0138325160235708,0.0311419585531913,2.255359892976178,88.24141358187164,1.009529559237524,18518.21370442708,17720.827659970237,0,0.2371493943555606,0.0187731239907696,-0.0045527574136173,0.0187684755350245,0.232183528604788,0.0535784742383091,0.0586359519378762,0.1954240817661724,0
2023-01-17,0.0140602536603395,21161.51953125,-0.0669034650023557,-0.0003832509199314,0.0219332280607902,2.254040191279933,88.0651818205543,0.998002845215599,18878.6123046875,17932.46316964286,1,0.2389760292060604,0.0192695374749415,0.0138325160235708,0.0311419585531913,0.2371493943555606,-0.0045527574136173,0.0187684755350245,0.232183528604788,2
2023-01-18,-0.0006981166898034,20688.78125,0.2002258154942846,-0.022339524368838,0.0497994204009766,2.1810335319473806,78.25789631744814,0.8886360613767886,19190.013346354168,18129.42550223214,2,0.2356302582783309,0.0200973288397659,-0.0003832509199314,0.0219332280607902,0.2389760292060604,0.0138325160235708,0.0311419585531913,0.2371493943555606,0
2023-01-19,-0.0224140423083462,21086.79296875,-0.2950372483050905,0.0192380456799503,0.0230902617951329,2.2420120781995743,80.25191549162322,1.0254801019195108,19534.322916666668,18341.06603422619,3,0.226484235115699,0.019679759046,-0.022339524368838,0.0497994204009766,0.2356302582783309,-0.0003832509199314,0.0219332280607902,0.2389760292060604,0
2023-01-20,0.0192696788232653,22676.552734375,0.3614787930048018,0.0753912540413792,0.0847659882137243,2.486565962225596,85.83860126005891,1.0696143604076196,19999.77360026041,18630.30254836309,4,0.3071261653332644,0.0221852284951859,0.0192380456799503,0.0230902617951329,0.226484235115699,-0.022339524368838,0.0497994204009766,0.2356302582783309,2
2023-01-21,0.0755051705255911,22777.625,0.1265010794985905,0.0044571265663226,0.0342270501998991,2.50216158293292,86.10768598294605,1.003134775251893,20464.86279296875,18926.97535342262,5,0.3108217866905292,0.0227751439953166,0.0753912540413792,0.0847659882137243,0.3071261653332644,0.0192380456799503,0.0230902617951329,0.226484235115699,2
2023-01-22,0.0044343033490332,22720.416015625,-0.237217993669664,-0.0025116307944748,0.0298746227406423,2.493468749836265,85.12176876751585,0.988550183364288,20904.373046875,19217.229445684523,6,0.3102939939118218,0.0235511308074553,0.0044571265663226,0.0342270501998991,0.3108217866905292,0.0753912540413792,0.0847659882137243,0.3071261653332644,2
2023-01-23,-0.0024979573119571,22934.431640625,0.0716191150306797,0.009419529327844,0.0208429103050571,2.5256368171717205,85.77780971033522,1.0077070877675387,21321.0009765625,19514.65615699405,0,0.3166890024234835,0.0241046182655961,-0.0025116307944748,0.0298746227406423,0.3102939939118218,0.0044571265663226,0.0342270501998991,0.3108217866905292,2
2023-01-24,0.0091782164438545,22636.46875,-0.0042849308150895,-0.0129919457039084,0.0259101644116839,2.480262189966544,80.45852671330138,0.9379876565396502,21634.90771484375,19798.30431547619,1,0.3040395077438038,0.0247588023284187,0.009419529327844,0.0208429103050571,0.3166890024234835,-0.0025116307944748,0.0298746227406423,0.3102939939118218,0
2023-01-25,-0.0126630658053696,23117.859375,0.1621013328197531,0.0212661537590752,0.0587351139666267,2.552904982497935,82.36160771496625,1.0236529436891897,21902.26481119792,20096.14341517857,2,0.3206851637861074,0.0265029993219443,-0.0129919457039084,0.0259101644116839,0.3040395077438038,0.009419529327844,0.0208429103050571,0.3166890024234835,3
2023-01-26,0.0207465854793744,23032.77734375,-0.1410290262469223,-0.0036803594082767,0.0142158690122424,2.5395123367955024,80.86270603611439,0.9818009662458362,22073.63802083333,20391.19298735119,3,0.3289807617318007,0.0263403755076666,0.0212661537590752,0.0587351139666267,0.3206851637861074,-0.0129919457039084,0.0259101644116839,0.3040395077438038,0
2023-01-27,-0.0033856260910758,23078.728515625,-0.036972062432546,0.0019950339114214,0.0336853073397089,2.546763773993016,81.06315297418453,1.0024788551842505,22256.798828125,20682.94345238096,4,0.340822051008652,0.0269164446205146,-0.0036803594082767,0.0142158690122424,0.3289807617318007,0.0212661537590752,0.0587351139666267,0.3206851637861074,2
2023-01-28,0.0021383636171359,23031.08984375,-0.420370569609646,-0.002064180955322,0.0112205907089826,2.539497840893514,80.12615012379725,0.9884410756797768,22411.920247395832,20972.27734375,5,0.3333345721024474,0.0270015814635688,0.0019950339114214,0.0336853073397089,0.340822051008652,-0.0036803594082767,0.0142158690122424,0.3289807617318007,0
2023-01-29,-0.0021020666768103,23774.56640625,0.8639176751612732,0.032281432079158,0.0406707614895403,2.65377050688592,83.35902258582709,1.040347283090913,22629.674153645832,21290.53552827381,6,0.3680048422345809,0.0278799731535109,-0.002064180955322,0.0112205907089826,0.3333345721024474,0.0019950339114214,0.0336853073397089,0.340822051008652,0
2023-01-30,0.0322688864122784,22840.138671875,-0.0079526756901892,-0.0393036709232834,0.0499508563375843,2.5102650685443386,68.31722030950543,0.8195539989587269,22808.95393880208,21559.27762276786,0,0.3320193196983851,0.0293200550958664,0.032281432079158,0.0406707614895403,0.3680048422345809,-0.002064180955322,0.0112205907089826,0.3333345721024474,2
2023-01-31,-0.0392793005942845,23139.283203125,-0.1605466379915421,0.0130973167697252,0.0201819307889492,2.5560176941101105,70.17280067885036,1.0271612393030394,22979.994791666668,21830.37239583333,1,0.3404280730784925,0.0297724533559677,-0.0393036709232834,0.0499508563375843,0.3320193196983851,0.032281432079158,0.0406707614895403,0.3680048422345809,0
2023-02-01,0.0130047591651725,23723.76953125,0.1683797043671357,0.0252594828886516,0.0387620750510868,2.6453882300623213,73.44527516972987,1.0466345145016538,23067.26285807292,22106.03301711309,2,0.3618746044082876,0.0306881594737502,0.0130973167697252,0.0201819307889492,0.3404280730784925,-0.0393036709232834,0.0499508563375843,0.3320193196983851,3
2023-02-02,0.0251963183948908,23471.87109375,0.201762538952301,-0.0106179769268196,0.0297680885218869,2.606303735049388,69.8865597829434,0.9515460269083016,23125.11669921875,22325.18936011905,3,0.3517727491443347,0.0314035408520052,0.0252594828886516,0.0387620750510868,0.3618746044082876,0.0130973167697252,0.0201819307889492,0.3404280730784925,2
2023-02-03,-0.010598793155605,23449.322265625,-0.1554208589781949,-0.0009606745041729,0.0171026291143543,2.602378019988698,69.5616353547838,0.9953506878980914,23185.85888671875,22493.74879092262,4,0.3398179243463767,0.0313800230291973,-0.0106179769268196,0.0297680885218869,0.3517727491443347,0.0252594828886516,0.0387620750510868,0.3618746044082876,2
2023-02-04,-0.0009839103241011,23331.84765625,-0.422543277265661,-0.0050097230122172,0.0113840216163836,2.584392613521296,67.79323824450864,0.9745779825149906,23218.976888020832,22605.91778273809,5,0.3363797828230166,0.0315733941286227,-0.0009606745041729,0.0171026291143543,0.3398179243463767,-0.0106179769268196,0.0297680885218869,0.3517727491443347,0
2023-02-05,-0.0048652523766888,22955.666015625,0.2509680378223624,-0.0161230969003104,0.0254654539413103,2.526348460327068,62.32889802232543,0.919396972859224,23245.57666015625,22704.72098214286,6,0.3134125791059646,0.0318727385035112,-0.0050097230122172,0.0113840216163836,0.3363797828230166,-0.0009606745041729,0.0171026291143543,0.3398179243463767,1
2023-02-06,-0.0162104638070079,22760.109375,0.2177819845819841,-0.0085188833332865,0.0188283724742577,2.495871364862566,59.637781590550304,0.9568239369351405,23215.76416015625,22780.457961309523,0,0.3047102731244974,0.0323804788536796,-0.0161230969003104,0.0254654539413103,0.3134125791059646,-0.0050097230122172,0.0113840216163836,0.3363797828230166,2
2023-02-07,-0.0085716529621587,23264.291015625,0.1411524451450452,0.0221519867201869,0.0243764507084418,2.573177464043212,63.95840295352385,1.0724477210208327,23235.056966145832,22880.58993675596,1,0.3188371475304349,0.0328639220963345,-0.0085188833332865,0.0188283724742577,0.3047102731244974,-0.0161230969003104,0.0254654539413103,0.3134125791059646,0
2023-02-08,0.0222411779341438,22939.3984375,-0.0668162088757203,-0.0139652903201216,0.0280171832331155,2.5243779363366423,59.53571592528184,0.9308505712461924,23223.44612630208,22987.762183779763,2,0.2987043266474967,0.0332206959178928,0.0221519867201869,0.0243764507084418,0.3188371475304349,-0.0085188833332865,0.0188283724742577,0.3047102731244974,0
2023-02-09,-0.0136200809529514,21819.0390625,0.2838319358927483,-0.0488399631774345,0.0561433046816659,2.3522423464196898,47.37096827415687,0.7956731104671372,23122.44189453125,23022.631045386905,3,0.2353417869546901,0.0344672862312393,-0.0139652903201216,0.0280171832331155,0.2987043266474967,0.0221519867201869,0.0243764507084418,0.3188371475304349,3
2023-02-10,-0.0491385302233228,21651.18359375,-0.1686746002064313,-0.0076930733873835,0.0186538672013458,2.326554425314264,45.85910025829546,0.9680845025773686,22945.49332682292,22973.80394345238,4,0.1996425625471333,0.0339415012580855,-0.0488399631774345,0.0561433046816659,0.2353417869546901,-0.0139652903201216,0.0280171832331155,0.2987043266474967,2
2023-02-11,-0.0076613968380312,21870.875,-0.3959679209623733,0.0101468543416451,0.0126262959353835,2.3603126897053164,48.18976310242213,1.050822254056436,22864.721354166668,22930.62537202381,5,0.1576736209005323,0.0324454136619613,-0.0076930733873835,0.0186538672013458,0.1996425625471333,-0.0488399631774345,0.0561433046816659,0.2353417869546901,0
2023-02-12,0.010117409360834,21788.203125,0.0895573436820142,-0.0037799985140054,0.017440806773217,2.347425860675886,47.36348351773207,0.9828536284161868,22752.13134765625,22886.23428199405,6,0.0987792057838358,0.0308739670350027,0.0101468543416451,0.0126262959353835,0.1576736209005323,-0.0076930733873835,0.0186538672013458,0.1996425625471333,0
2023-02-13,-0.0038362543269265,21808.1015625,0.3421626352393665,0.0009132665684197,0.0204251806473954,2.34951823439146,47.596388789189554,1.004917401638549,22592.49235026041,22832.59951636905,0,0.0461139981139463,0.0296002746586534,-0.0037799985140054,0.017440806773217,0.0987792057838358,0.0101468543416451,0.0126262959353835,0.1576736209005323,2
2023-02-14,0.0006803261405883,22220.8046875,0.1201507128204533,0.0189243031456558,0.0305442882338102,2.4128719349189653,52.30969587237513,1.0990265690966894,22488.23681640625,22812.80598958333,1,0.0695910586732195,0.0299928017486129,0.0009132665684197,0.0204251806473954,0.0461139981139463,-0.0037799985140054,0.017440806773217,0.0987792057838358,1
2023-02-15,0.0192077371686156,24307.841796875,0.2123988360290385,0.0939226611603778,0.100760561870477,2.733342354643268,67.98934107689234,1.2997464417069509,22559.78011067708,22869.471819196428,2,0.1496812038100266,0.0323134218591891,0.0189243031456558,0.0305442882338102,0.0695910586732195,0.0009132665684197,0.0204251806473954,0.0461139981139463,0
2023-02-16,0.0939112801860606,23623.474609375,0.2103649866669454,-0.028154173176657,0.0648911017525601,2.627896618308061,60.91663317518303,0.8959732836105816,22584.082356770832,22897.600260416668,3,0.1219102815533009,0.0337453509822481,0.0939226611603778,0.100760561870477,0.1496812038100266,0.0189243031456558,0.0305442882338102,0.0695910586732195,0
2023-02-17,-0.0282246488109667,24565.6015625,0.0519318380635911,0.0398809645364834,0.0623716117682229,2.77253384331442,66.13881486428656,1.0857266959269674,22718.24365234375,22968.403738839286,4,0.1841307704586224,0.034164424027823,-0.028154173176657,0.0648911017525601,0.1219102815533009,0.0939226611603778,0.100760561870477,0.1496812038100266,2
2023-02-18,0.0399645380717552,24641.27734375,-0.5254796404972394,0.003080558848008,0.0135057157250266,2.783963393609225,66.52571905477055,1.0058498809099905,22875.007649739586,23045.07933407738,5,0.1679732836266801,0.0338449391588194,0.0398809645364834,0.0623716117682229,0.1841307704586224,-0.028154173176657,0.0648911017525601,0.1219102815533009,0
2023-02-19,0.0030421154334208,24327.642578125,0.3021426471006956,-0.0127280238459127,0.0314626502307808,2.73718007588592,63.29766402676726,0.9514765856894288,22963.62027994792,23071.41629464286,6,0.0798540057393881,0.0320681612260546,0.003080558848008,0.0135057157250266,0.1679732836266801,0.0398809645364834,0.0623716117682229,0.1841307704586224,2
2023-02-20,-0.0123134724098412,24829.1484375,0.1343086171241803,0.020614650916729,0.0456600188228148,2.8148199113801566,66.12794406080306,1.0447138149180186,23121.099446614586,23166.131045386905,0,0.0960115300897945,0.0324492601801518,-0.0127280238459127,0.0314626502307808,0.0798540057393881,0.003080558848008,0.0135057157250266,0.1679732836266801,0
2023-02-21,0.0203983017813864,24436.353515625,0.0781278752596552,-0.0158199111364509,0.0382840650151654,2.7546333449401748,62.08937489527961,0.9389279491010626,23339.208984375,23227.89629836309,1,0.0827032497478184,0.0327295749226359,0.020614650916729,0.0456600188228148,0.0960115300897945,-0.0127280238459127,0.0314626502307808,0.0798540057393881,2
2023-02-22,-0.0159316265237203,24188.84375,-0.033665000953318,-0.0101287520442335,0.0350198923813207,2.716891687572905,59.61858767693329,0.9602059575810906,23550.6806640625,23250.04268973214,2,0.0631549683757407,0.0332021409918447,-0.0158199111364509,0.0382840650151654,0.0827032497478184,0.020614650916729,0.0456600188228148,0.0960115300897945,2
2023-02-23,-0.0100951425827996,23947.4921875,0.0091479243194425,-0.0099778048506349,0.0370630914922711,2.6795771765170504,57.22713113853015,0.959887400363085,23723.732096354168,23272.69131324405,3,0.0661691092290143,0.0335739052278643,-0.0101287520442335,0.0350198923813207,0.0631549683757407,-0.0158199111364509,0.0382840650151654,0.0827032497478184,2
2023-02-24,-0.0101159018890251,23198.126953125,-0.1202417438720193,-0.0312920128967053,0.0476650309886879,2.5647428037121114,50.45929140573553,0.8817372180266794,23841.22574869792,23260.729631696428,4,0.0136109425732336,0.033204902461933,-0.0099778048506349,0.0370630914922711,0.0661691092290143,-0.0101287520442335,0.0350198923813207,0.0631549683757407,2
2023-02-25,-0.0311485245616032,23175.375,-0.399489976939706,-0.0009807668166905,0.0152505938000795,2.561058442521989,50.26492421845818,0.9961480396996766,23955.16520182292,23253.27855282738,5,0.0163105351648198,0.0332393932881942,-0.0312920128967053,0.0476650309886879,0.0136109425732336,-0.0099778048506349,0.0370630914922711,0.0661691092290143,0
2023-02-26,-0.0011195891994116,23561.212890625,0.0337757084242826,0.0166486147743025,0.0246985372262455,2.620381746300765,53.53373963672078,1.0650317387141754,24066.865885416668,23282.11411830357,6,0.0309641160277009,0.0329398342844121,-0.0009807668166905,0.0152505938000795,0.0163105351648198,-0.0312920128967053,0.0476650309886879,0.0136109425732336,2
2023-02-27,0.0167126205156018,23522.87109375,0.3614536969107087,-0.001627326956935,0.0280968336249654,2.614331440999321,53.15983272752529,0.993015490572248,24001.45166015625,23318.43610491072,0,0.0314009700260879,0.0335023757149449,0.0166486147743025,0.0246985372262455,0.0309641160277009,-0.0009807668166905,0.0152505938000795,0.0163105351648198,2
2023-02-28,-0.0016812751031772,23147.353515625,-0.0937920763597728,-0.0159639347011842,0.0220011295086721,2.5571819751258267,49.512360198701096,0.9313866816037668,23961.77490234375,23312.867652529763,1,-0.0168443967542543,0.0328800546489159,-0.001627326956935,0.0280968336249654,0.0314009700260879,0.0166486147743025,0.0246985372262455,0.0309641160277009,2
2023-03-01,-0.0157686744058733,23646.55078125,0.2009936556158638,0.0215660621974789,0.0343028565961478,2.633968418256978,54.02808653096045,1.091204020857358,23885.187337239586,23346.54157366072,2,0.044025336366508,0.0323584546575347,-0.0159639347011842,0.0220011295086721,-0.0168443967542543,-0.001627326956935,0.0280968336249654,0.0314009700260879,2
2023-03-02,0.021428506347106,23475.466796875,-0.173396189405785,-0.0072350503021632,0.0212569038850809,2.6078556655834886,52.30153778069647,0.968043496242004,23788.03645833333,23425.419084821428,3,0.0236929692946196,0.0323942870940724,0.0215660621974789,0.0343028565961478,0.044025336366508,-0.0159639347011842,0.0220011295086721,-0.0168443967542543,2
2023-03-03,-0.0072054204769793,22362.6796875,0.2784212272484156,-0.0474021291675925,0.0569979648608331,2.4368731463543467,42.7354393479895,0.8170971860747536,23624.28955078125,23459.29985119048,4,-0.0489686427616246,0.0330021500877307,-0.0072350503021632,0.0212569038850809,0.0236929692946196,0.0215660621974789,0.0343028565961478,0.044025336366508,2
2023-03-04,-0.0474390426118523,22353.349609375,-0.5715662817729541,-0.0004172164631153,0.0092885916952478,2.4355613961649474,42.66497818735826,0.998351224143094,23417.972981770832,23482.274832589286,5,-0.0387678822979202,0.0323195001935094,-0.0474021291675925,0.0569979648608331,-0.0489686427616246,-0.0072350503021632,0.0212569038850809,0.0236929692946196,2
2023-03-05,-0.0003925826936796,22435.513671875,0.1926371424392423,0.0036756935285233,0.0137419200005743,2.4483896885782253,43.54770141916695,1.0206896445120004,23251.236328125,23513.09914434524,6,-0.0341315142652239,0.0322074765563834,-0.0004172164631153,0.0092885916952478,-0.0387678822979202,-0.0474021291675925,0.0569979648608331,-0.0489686427616246,2
2023-03-06,0.0036982795241584,22429.7578125,0.3030855775889987,-0.0002565512632864,0.0113284202842613,2.447284353014192,43.49717964109922,0.998839852014658,23104.64583333333,23542.701822916668,0,-0.0293783425162932,0.0322056231786459,0.0036756935285233,0.0137419200005743,-0.0341315142652239,-0.0004172164631153,0.0092885916952478,-0.0387678822979202,2
2023-03-07,-0.0003785804755541,22219.76953125,0.3118883851374372,-0.0093620396174306,0.0234496439411431,2.414499232655156,41.6009697316001,0.9564061411534036,22960.6689453125,23542.652529761905,1,-0.0226172852334134,0.0321384295119737,-0.0002565512632864,0.0113284202842613,-0.0293783425162932,0.0036756935285233,0.0137419200005743,-0.0341315142652239,2
2023-03-08,-0.0094470222456068,21718.080078125,-0.0100536777371716,-0.0225785174062863,0.0258358389141701,2.3377122411491635,37.40545846810329,0.8991487147880137,22837.331705729168,23419.330543154763,2,-0.0366769193064132,0.0323720117266375,-0.0093620396174306,0.0234496439411431,-0.0226172852334134,-0.0002565512632864,0.0113284202842613,-0.0293783425162932,0
2023-03-09,-0.0223420717588623,20363.021484375,0.3473503959413677,-0.0623931115860858,0.0787919839399702,2.130073721522217,28.92132623812224,0.7731846479781629,22602.96891276041,23264.07087053572,3,-0.121222017612686,0.0341858628343551,-0.0225785174062863,0.0258358389141701,-0.0366769193064132,-0.0093620396174306,0.0234496439411431,-0.0226172852334134,2
2023-03-10,-0.0622961849188912,20187.244140625,0.3034314317495239,-0.0086321837790565,0.0378200628757214,2.1031516218154223,28.03308120545016,0.9692875414716892,22321.80485026041,23055.57765997024,4,-0.1158889110716209,0.0345126254891086,-0.0623931115860858,0.0787919839399702,-0.121222017612686,-0.0225785174062863,0.0258358389141701,-0.0366769193064132,2
2023-03-11,-0.0087948633977773,20632.41015625,-0.2374528356306918,0.022051846825845,0.0360694350663746,2.170908427200102,33.59540780536264,1.1984200937152445,22080.93310546875,22864.67922247024,5,-0.0449971010683413,0.0338434965019322,-0.0086321837790565,0.0378200628757214,-0.1158889110716209,-0.0623931115860858,0.0787919839399702,-0.121222017612686,2
2023-03-12,0.021802804959234,22163.94921875,-0.0298622945461698,0.0742297700996441,0.0849059135766727,2.405124983583751,48.37796204518017,1.4400171096437138,21998.982747395832,22761.64620535714,6,0.0369257424186864,0.0360518980477765,0.022051846825845,0.0360694350663746,-0.0449971010683413,-0.0086321837790565,0.0378200628757214,-0.1158889110716209,2
2023-03-13,0.0740922427018531,24197.533203125,0.6894806064400893,0.0917518788869382,0.1201119966836918,2.718201840437788,60.84269283706719,1.2576530772471608,22044.89794921875,22731.569289434523,0,0.1185307669639794,0.0396347547393867,0.0742297700996441,0.0849059135766727,0.0369257424186864,0.022051846825845,0.0360694350663746,-0.0449971010683413,0
2023-03-14,0.0923145817025268,24746.07421875,0.1042297673778782,0.0226692948830899,0.1010553818358246,2.806309554615958,63.40924891805472,1.042183472843002,22150.781901041668,22746.31789434524,1,0.1449800603610749,0.0424219072414736,0.0917518788869382,0.1201119966836918,0.1185307669639794,0.0742297700996441,0.0849059135766727,0.0369257424186864,0
2023-03-15,0.0235172989057488,24375.9609375,-0.200770431398968,-0.0149564443223711,0.0532322078325129,2.748995560143221,60.526582806376,0.95453871224048,22318.555338541668,22755.22823660714,2,0.129110349470284,0.0435154748143109,0.0226692948830899,0.1010553818358246,0.1449800603610749,0.0917518788869382,0.1201119966836918,0.1185307669639794,2
2023-03-16,-0.0160457769527878,25052.7890625,-0.224246533163883,0.0277662130627542,0.0398435668953727,2.8534499338269,63.7702444695806,1.053590695407025,22543.50862630208,22807.86142113096,3,0.1379522593873824,0.0438254507696963,-0.0149564443223711,0.0532322078325129,0.129110349470284,0.0226692948830899,0.1010553818358246,0.1449800603610749,0
2023-03-17,0.0279675556385379,27423.9296875,0.4979675438492315,0.0946457745317153,0.1135092482637027,3.22188304447769,72.34419126004158,1.1344505868179773,22959.2099609375,23009.09012276786,4,0.1386753727587198,0.0442504069828038,0.0277662130627542,0.0398435668953727,0.1379522593873824,-0.0149564443223711,0.0532322078325129,0.129110349470284,2
2023-03-18,0.0955091753549965,26965.87890625,-0.2958239150178823,-0.016702594648891,0.0409100728081124,3.151924707992187,68.94959521046242,0.953077144267502,23337.22005208333,23189.590308779763,5,0.1501269512864859,0.0434510393513222,0.0946457745317153,0.1135092482637027,0.1386753727587198,0.0277662130627542,0.0398435668953727,0.1379522593873824,0
2023-03-19,-0.0174370168263476,28038.67578125,0.0572855004596402,0.0397834937525938,0.056966697010057,3.317553259947013,72.2355532564489,1.0476573943031338,23822.12890625,23402.80282738096,6,0.1500294805025962,0.0432708755260501,-0.016702594648891,0.0409100728081124,0.1501269512864859,0.0946457745317153,0.1135092482637027,0.1386753727587198,0
2023-03-20,0.0397522201363722,27767.236328125,0.1854562090950631,-0.0096808941778383,0.0471625507093846,3.2759335296193184,70.21095080864595,0.9719722164982214,24326.225260416668,23604.915457589286,0,0.1372680274767498,0.0443927700255286,0.0397834937525938,0.056966697010057,0.1500294805025962,-0.016702594648891,0.0409100728081124,0.1501269512864859,2
2023-03-21,-0.0097429878876947,28175.81640625,-0.1936800258193541,0.0147144668377081,0.0364405575047908,3.336219009441775,71.50555741429157,1.018438813187048,24977.29150390625,23844.36607142857,1,0.1647105181603707,0.0445587002679956,-0.0096808941778383,0.0471625507093846,0.1372680274767498,0.0397834937525938,0.056966697010057,0.1500294805025962,2
2023-03-22,0.0140565617509846,27307.4375,-0.0753464187842797,-0.0308200086815363,0.076358002317767,3.2017332653973405,65.0363090469562,0.9095280338861832,25570.640950520832,24018.694010416668,2,0.1132758585621053,0.0455819663844941,0.0147144668377081,0.0364405575047908,0.1647105181603707,-0.0096808941778383,0.0471625507093846,0.1372680274767498,0
2023-03-23,-0.0304262285530577,28333.97265625,-0.274446773511477,0.0375917790254027,0.0568906964436111,3.358166553716382,68.64738813185932,1.055524047071858,26212.437825520832,24250.051432291668,3,0.166687548723959,0.0462021874321089,-0.0308200086815363,0.076358002317767,0.1132758585621053,0.0147144668377081,0.0364405575047908,0.1647105181603707,2
2023-03-24,0.0374388654888377,27493.28515625,0.0726608488352242,-0.0296706540307385,0.0498967647165897,3.2279421279528284,62.916405699421695,0.9165156521114912,26656.549153645832,24494.36597842262,4,0.1471456467374541,0.0466980831766179,0.0375917790254027,0.0568906964436111,0.166687548723959,-0.0308200086815363,0.076358002317767,0.1132758585621053,2
2023-03-25,-0.0295427958111825,27494.70703125,-0.4848789143592298,5.17171735541222e-05,0.0218997890907461,3.2282863328573104,62.92204379401503,1.0000896124711935,26931.31363932292,24739.192522321428,5,0.1571751687616431,0.0461926397632337,-0.0296706540307385,0.0498967647165897,0.1471456467374541,0.0375917790254027,0.0568906964436111,0.166687548723959,0
2023-03-26,0.000297793366079,27994.330078125,0.0370138969885525,0.0181716083138161,0.0267114740080034,3.30508084739673,64.93919365808867,1.032057920284298,27202.001627604168,25003.89806547619,6,0.2066387899721646,0.0454941878638776,5.17171735541222e-05,0.0218997890907461,0.1571751687616431,-0.0296706540307385,0.0498967647165897,0.1471456467374541,2
2023-03-27,0.0181318578279929,27139.888671875,0.3105936864719572,-0.0305219451176532,0.0537923491250769,3.172604917847721,59.02515671697463,0.9089296215741138,27432.32893880208,25228.19001116072,0,0.1770976116712019,0.0467789130413775,0.0181716083138161,0.0267114740080034,0.2066387899721646,5.17171735541222e-05,0.0218997890907461,0.1571751687616431,2
2023-03-28,-0.0307629343632576,27268.130859375,-0.0222825404750375,0.0047252289443948,0.0293464922835369,3.192152372635257,59.61956040906759,1.010070345004641,27616.94075520833,25468.58816964286,1,0.1651742258412942,0.0469338448766205,-0.0305219451176532,0.0537923491250769,0.1770976116712019,0.0181716083138161,0.0267114740080034,0.2066387899721646,2
2023-03-29,0.0049439106815061,28348.44140625,0.1631472512982921,0.0396180637553154,0.0498861964582941,3.35849856737709,64.31572640574893,1.0787688799524775,27693.9833984375,25784.31966145833,2,0.2064196165535446,0.0476601569710648,0.0047252289443948,0.0293464922835369,0.1651742258412942,-0.0305219451176532,0.0537923491250769,0.1770976116712019,0
2023-03-30,0.0397223065859067,28033.5625,0.0846221234009738,-0.0111074503792854,0.0519384512710106,3.3098867691038114,62.05057194626724,0.9647807062740534,27782.95703125,26149.58351934524,3,0.2112761008754435,0.0486580676964761,0.0396180637553154,0.0498861964582941,0.2064196165535446,0.0047252289443948,0.0293464922835369,0.1651742258412942,0
2023-03-31,-0.011212604214375,28478.484375,-0.1530630170913351,0.0158710429685844,0.0382900434770232,3.3774970446151515,63.98093059017448,1.0311094415951367,27819.607747395832,26544.404482886905,4,0.2055810816465491,0.0487909739258386,-0.0111074503792854,0.0519384512710106,0.2112761008754435,0.0396180637553154,0.0498861964582941,0.2064196165535446,2
2023-04-01,0.0157343819391133,28411.03515625,-0.4275942117778754,-0.0023684272611504,0.0178563836160747,3.3750931863545404,63.4539804931701,0.9917639507249476,27873.257649739586,26914.81519717262,5,0.2104477046875618,0.0486776232502051,0.0158710429685844,0.0382900434770232,0.2055810816465491,-0.0111074503792854,0.0519384512710106,0.2112761008754435,2
2023-04-02,-0.0003682859495858,28199.30859375,0.1294695899329001,-0.007452264985615,0.0227682216553137,3.3399897589850447,61.735144222394425,0.972912081205675,27875.21533203125,27202.21326264881,6,0.2503975688695393,0.0475366318100211,-0.0023684272611504,0.0178563836160747,0.2104477046875618,0.0158710429685844,0.0382900434770232,0.2055810816465491,2
2023-04-03,-0.0098291515865289,27790.220703125,0.5919471913460683,-0.0145070184705049,0.0439533167054295,3.277807084024582,58.44116780586305,0.9466434158691658,27915.447265625,27373.293619791668,0,0.2363077668621497,0.0486921226436938,-0.007452264985615,0.0227682216553137,0.2503975688695393,-0.0023684272611504,0.0178563836160747,0.2104477046875618,0
2023-04-04,-0.0137602646534722,28168.08984375,-0.218442061622856,0.0135971982612757,0.0271821544719232,3.3362252186268986,60.53576808998015,1.0358411777648795,27901.623697916668,27536.246744791668,1,0.246229271594902,0.0491401304594054,-0.0145070184705049,0.0439533167054295,0.2363077668621497,-0.007452264985615,0.0227682216553137,0.2503975688695393,2
2023-04-05,0.0134718273537401,28177.984375,0.115657864676701,0.0003512673846499,0.032160688473287,3.3373238525773603,60.5917777772997,1.0009252329504816,27958.681966145832,27717.29547991072,2,0.2468370902428385,0.0498345393990396,0.0135971982612757,0.0271821544719232,0.246229271594902,-0.0145070184705049,0.0439533167054295,0.2363077668621497,2
2023-04-06,0.0001952450616726,28044.140625,-0.1885085057442707,-0.004749940528704,0.0158487619386935,3.315925435660639,59.36441418902479,0.9797437270649824,28004.46809895833,27859.74079241072,3,0.2514491893315651,0.0495811766656246,0.0003512673846499,0.032160688473287,0.2468370902428385,0.0135971982612757,0.0271821544719232,0.246229271594902,0
2023-04-07,-0.0048361550996844,27925.859375,-0.2150722561116823,-0.0042176813895504,0.0114255646165037,3.296899546486137,58.24163186266813,0.9810866098538166,27998.76220703125,27883.64220610119,4,0.269810025348301,0.0491008341890358,-0.004749940528704,0.0158487619386935,0.2514491893315651,0.0003512673846499,0.032160688473287,0.2468370902428385,0
2023-04-08,-0.004224589509953,27947.794921875,-0.1370344986129082,0.0007854922772632,0.0099154584516121,3.300978253822591,58.39877403576353,1.0026981073172183,28066.087727864586,27930.40011160714,5,0.33298862921165,0.0468049500060905,-0.0042176813895504,0.0114255646165037,0.269810025348301,-0.004749940528704,0.0158487619386935,0.2514491893315651,2
2023-04-09,0.001140864240513,28333.05078125,0.2989428142931987,0.0137848392136818,0.0253103869672635,3.3607246205245414,61.16304063618176,1.0473343258665906,28154.8310546875,27944.41796875,6,0.3554056522043884,0.0463879608091419,0.0007854922772632,0.0099154584516121,0.33298862921165,-0.0042176813895504,0.0114255646165037,0.269810025348301,2
2023-04-10,0.0137254978684442,29652.98046875,0.5837280186819416,0.0465862182541065,0.0561275008562032,3.56398190582443,68.80981075926785,1.1250227268551225,28263.542643229168,28034.215308779763,0,0.37994002363265,0.0470565630021362,0.0137848392136818,0.0253103869672635,0.3554056522043884,0.0007854922772632,0.0099154584516121,0.33298862921165,0
2023-04-11,0.0465009554008857,30235.05859375,0.0435039074446454,0.0196296667585718,0.0303885326361637,3.653036261244611,71.47694018836444,1.0387608888858535,28447.000651041668,28132.27446056548,1,0.3253399202915776,0.0452393169707859,0.0465862182541065,0.0561275008562032,0.37994002363265,0.0137848392136818,0.0253103869672635,0.3554056522043884,1
2023-04-12,0.0194883855845251,30139.052734375,-0.0730237534063338,-0.0031753158035832,0.0247903116884176,3.6003550423833097,70.40752510614412,0.98503832033937,28585.38134765625,28267.11328125,2,0.2304127256010562,0.0420619274709434,0.0196296667585718,0.0303885326361637,0.3253399202915776,0.0465862182541065,0.0561275008562032,0.37994002363265,3
2023-04-13,-0.0112082059259995,30399.06640625,-0.0624176119907646,0.0086271348395248,0.0221302921226538,3.641645025027242,71.64488188231223,1.017574212050526,28751.050618489586,28365.45107886905,3,0.216370565557491,0.039431091147171,-0.0031753158035832,0.0247903116884176,0.2304127256010562,0.0196296667585718,0.0303885326361637,0.3253399202915776,0
2023-04-14,0.0172892234560244,30485.69921875,0.2957660450841042,0.0028498510889198,0.031989530112984,3.6556442278685113,72.06401174532978,1.0058501019473525,28941.58317057292,28507.94698660714,4,0.2341768609687821,0.0387230018898534,0.0086271348395248,0.0221302921226538,0.216370565557491,-0.0031753158035832,0.0247903116884176,0.2304127256010562,2
2023-04-15,0.0026698016454527,30318.49609375,-0.4730499571438146,-0.0054846413001793,0.0117654830603235,3.62972491733412,69.9159821193507,0.9701927553857244,29152.27278645833,28642.41313244048,5,0.2009260066058484,0.0377870657620184,0.0028498510889198,0.031989530112984,0.2341768609687821,0.0086271348395248,0.0221302921226538,0.216370565557491,0
2023-04-16,-0.0057320150373474,30315.35546875,0.0765559940708455,-0.0001035877568033,0.013187455839428,3.629518827951165,69.87385198016389,0.9993974176159768,29331.211588541668,28752.938151041668,6,0.1061766443173298,0.0344430060145426,-0.0054846413001793,0.0117654830603235,0.2009260066058484,0.0028498510889198,0.031989530112984,0.2341768609687821,3
2023-04-17,3.8590934802629207e-05,29445.044921875,0.390310540597431,-0.0287085713961738,0.0356554377579809,3.497229962559188,59.22372059940472,0.847580588747525,29436.79996744792,28862.707496279763,0,0.094170667570047,0.0342678515128716,-0.0001035877568033,0.013187455839428,0.1061766443173298,-0.0054846413001793,0.0117654830603235,0.2009260066058484,3
2023-04-18,-0.0286324667114493,30397.552734375,0.0899913790862836,0.032348662229154,0.0451195304597629,3.642195353252592,65.43348179839867,1.1048526018991176,29632.917643229168,29011.72758556548,1,0.0867358360466071,0.0338729459611951,-0.0287085713961738,0.0356554377579809,0.094170667570047,-0.0001035877568033,0.013187455839428,0.1061766443173298,3
2023-04-19,0.0320925246063203,28822.6796875,0.2613397097879377,-0.0518092051895368,0.0607311621209853,3.401840214301724,51.47532462338398,0.7866817294237843,29707.652669270832,29034.31036086309,2,0.0446075250349087,0.0343252330082484,0.032348662229154,0.0451195304597629,0.0867358360466071,-0.0287085713961738,0.0356554377579809,0.094170667570047,3
2023-04-20,-0.0516711922715485,28245.98828125,-0.1315017991584069,-0.020008250880993,0.0370629176745562,3.3142622423948165,47.48110887450455,0.922405234389431,29732.50211588541,29044.42587425596,3,0.0098848073162075,0.0343459783472406,-0.0518092051895368,0.0607311621209853,0.0446075250349087,0.032348662229154,0.0451195304597629,0.0867358360466071,0
2023-04-21,-0.0199298997691107,27276.91015625,-0.0272186608005339,-0.0343085225183388,0.0431463280385195,3.1645637642417626,41.63471564751366,0.8768690671811549,29644.49039713541,28987.20805431548,4,0.006396293479405,0.0332389225379324,-0.020008250880993,0.0370629176745562,0.0098848073162075,-0.0518092051895368,0.0607311621209853,0.0446075250349087,2
2023-04-22,-0.034809299976783,27817.5,-0.3677240846723049,0.0198185879798462,0.0258587919331858,3.2468925883532425,45.6546876986388,1.0965533687117954,29491.53369140625,28958.944475446428,5,-0.0113768975661514,0.0322045257209182,-0.0343085225183388,0.0431463280385195,0.006396293479405,-0.020008250880993,0.0370629176745562,0.0098848073162075,2
2023-04-23,0.0201808893293176,27591.384765625,-0.0259252362110193,-0.0081285246472544,0.0153257251196292,3.2124243957068286,44.28086358522574,0.9699083668585904,29271.2275390625,28929.99572172619,6,0.0101652318173326,0.0310521577343529,0.0198185879798462,0.0258587919331858,-0.0113768975661514,-0.0343085225183388,0.0431463280385195,0.006396293479405,0
2023-04-24,-0.0080677630304905,27525.33984375,0.3846436939295232,-0.0023936791297725,0.033583460645622,3.200743219377415,43.865656569470254,0.990623330663903,29053.41813151041,28917.38234747024,0,0.007719835514006,0.0314416134528487,-0.0081285246472544,0.0153257251196292,0.0101652318173326,0.0198185879798462,0.0258587919331858,-0.0113768975661514,2
2023-04-25,-0.002785523798953,28307.59765625,0.001699391007998,0.0284195514729537,0.0427502722271717,3.318975893504634,49.86229931503456,1.136704730181512,28879.12906901041,28924.025576636905,1,0.0179677786731435,0.0319762400601543,-0.0023936791297725,0.033583460645622,0.007719835514006,-0.0081285246472544,0.0153257251196292,0.0101652318173326,0
2023-04-26,0.0285367679341037,28422.701171875,0.7962878110845575,0.0040661703978821,0.0977615066694332,3.3374169663030866,50.6968969419974,1.0167380493564842,28707.212565104168,28935.67875744048,2,0.052555894188679,0.0334418786449662,0.0284195514729537,0.0427502722271717,0.0179677786731435,-0.0023936791297725,0.033583460645622,0.007719835514006,2
2023-04-27,0.0045373139272706,29473.787109375,-0.1475720875479043,0.0369805083318428,0.0517081299092205,3.4989196526731243,57.632440460587205,1.1368041031490506,28636.820149739586,29003.75716145833,3,0.084811173576127,0.0341872665658223,0.0040661703978821,0.0977615066694332,0.052555894188679,0.0284195514729537,0.0427502722271717,0.0179677786731435,0
2023-04-28,0.0370244694502526,29340.26171875,-0.3538770174629894,-0.0045303099370805,0.0222326417300613,3.477974094650609,56.54424976494611,0.981118434566635,28555.562337239586,29071.10965401786,4,0.040662799883731,0.0332654814082146,0.0369805083318428,0.0517081299092205,0.084811173576127,0.0040661703978821,0.0977615066694332,0.052555894188679,2
2023-04-29,-0.0048996709283033,29248.48828125,-0.392250809490306,-0.0031279011203009,0.0125279005454748,3.4635137412478745,55.76489231510483,0.986216857539342,28539.1826171875,29133.04743303572,5,0.0486423491427154,0.03195179638403,-0.0045303099370805,0.0222326417300613,0.040662799883731,0.0369805083318428,0.0517081299092205,0.084811173576127,2
2023-04-30,-0.0031036618256252,29268.806640625,0.37416315840942,0.0006946806679244,0.0287836502748253,3.4602502838581213,55.90978510750755,1.0025982797847792,28445.12044270833,29177.60723586309,6,0.0334659868420554,0.0316349166106234,-0.0031279011203009,0.0125279005454748,0.0486423491427154,-0.0045303099370805,0.0222326417300613,0.040662799883731,0
2023-05-01,-0.0006295703454536,28091.568359375,0.2732286552811496,-0.0402216016424802,0.0595771436167593,3.2801824922103533,46.42201590951124,0.8303021701880535,28384.19449869792,29103.25427827381,0,-0.0043871875392742,0.0330256086106463,0.0006946806679244,0.0287836502748253,0.0334659868420554,-0.0031279011203009,0.0125279005454748,0.0486423491427154,2
2023-05-02,-0.03900241889401,28680.537109375,-0.119142533708882,0.0209660330268972,0.0342777382710723,3.3699143927532544,50.91028946852821,1.0966841588216636,28420.406901041668,29029.229445684523,1,0.024031110473238,0.0334092591645049,-0.0402216016424802,0.0595771436167593,-0.0043871875392742,0.0006946806679244,0.0287836502748253,0.0334659868420554,2
2023-05-03,0.0211241729676174,29006.30859375,0.163698676189995,0.0113586256468158,0.0383678621172933,3.423359148069868,53.24343099341724,1.0458284867213596,28564.5234375,28975.289248511905,2,0.0498967545905588,0.0332230773449003,0.0209660330268972,0.0342777382710723,0.024031110473238,-0.0402216016424802,0.0595771436167593,-0.0043871875392742,0
2023-05-04,0.0122316772212822,28847.7109375,-0.1869110045854849,-0.005467695268338,0.0229715476074761,3.3997484083273832,51.948949739574005,0.9756874936552592,28650.37434895833,28901.415178571428,3,0.0308318610609451,0.0330827237827521,0.0113586256468158,0.0383678621172933,0.0498967545905588,0.0209660330268972,0.0342777382710723,0.024031110473238,0
2023-05-05,-0.0061941487193107,29534.384765625,0.1535749807837334,0.0238034078202153,0.0285451165255965,3.5051598652154805,56.84149182086445,1.094179807403563,28812.291015625,28856.11449032738,4,0.0542840014965105,0.0329622047178291,-0.005467695268338,0.0229715476074761,0.0308318610609451,0.0113586256468158,0.0383678621172933,0.0498967545905588,2
2023-05-06,0.0238247360302541,28904.623046875,-0.112769620761596,-0.021323001096775,0.0474608076187126,3.4086387180109803,51.647606774121776,0.9086251102784008,28927.23128255208,28788.78720238096,5,0.0377109409284395,0.0340159395738297,0.0238034078202153,0.0285451165255965,0.0542840014965105,-0.005467695268338,0.0229715476074761,0.0308318610609451,2
2023-05-07,-0.021572814306578,28454.978515625,-0.2898422684376392,-0.0155561458290186,0.0251798862517322,3.339367657888795,48.25709117132863,0.934352900074898,28939.51302083333,28700.19782366072,6,0.0263724764889713,0.0344744169616707,-0.021323001096775,0.0474608076187126,0.0377109409284395,0.0238034078202153,0.0285451165255965,0.0542840014965105,1
2023-05-08,-0.0156104041248223,27694.2734375,0.6920893936739936,-0.0267336374092599,0.0495470538817399,3.2234818014604816,43.10191199959846,0.8931726084892357,28878.81070963541,28616.82775297619,0,-0.0011466531975518,0.0357954701426749,-0.0155561458290186,0.0251798862517322,0.0263724764889713,-0.021323001096775,0.0474608076187126,0.0377109409284395,2
2023-05-09,-0.0265510206407327,27658.775390625,-0.2611690442398248,-0.0012817829272578,0.0162845308479238,3.2174370514262183,42.87175366880507,0.9946601364042612,28727.55973307292,28486.40978422619,1,-0.0162132753384915,0.0354946082720303,-0.0267336374092599,0.0495470538817399,-0.0011466531975518,-0.0155561458290186,0.0251798862517322,0.0263724764889713,0
2023-05-10,-0.0014598859298829,27621.755859375,0.4620015348823203,-0.0013384371045779,0.0535275720281807,3.2116901268493896,42.61618016718317,0.994038650632389,28584.35091145833,28429.22293526786,2,-0.0641379306971761,0.0354079439777629,-0.0012817829272578,0.0162845308479238,-0.0162132753384915,-0.0267336374092599,0.0495470538817399,-0.0011466531975518,2
2023-05-11,-0.0012132063635915,27000.7890625,-0.1903406428899627,-0.0224810761501332,0.0313688554687598,3.115005238315576,38.47309512355769,0.9027814077335846,28397.042643229168,28369.927734375,3,-0.1062486736058812,0.0354406214055161,-0.0013384371045779,0.0535275720281807,-0.0641379306971761,-0.0012817829272578,0.0162845308479238,-0.0162132753384915,0
2023-05-12,-0.0229326185638858,26804.990234375,0.154819582928019,-0.0072515965245228,0.0454902716699083,3.085588454222621,37.24359845508149,0.9680426889355372,28191.724609375,28347.45535714286,4,-0.1103249543268208,0.0361306200715658,-0.0224810761501332,0.0313688554687598,-0.1062486736058812,-0.0013384371045779,0.0535275720281807,-0.0641379306971761,2
2023-05-13,-0.0066657340452809,26784.078125,-0.4822730273835081,-0.0007801573211611,0.0119655158571236,3.0831473694837337,37.107202690892784,0.9963377393741044,28082.76708984375,28298.244791666668,5,-0.1197322464875068,0.0357917941960481,-0.0072515965245228,0.0454902716699083,-0.1103249543268208,-0.0224810761501332,0.0313688554687598,-0.1062486736058812,2
2023-05-14,-0.0007010998006786,26930.638671875,0.0015688653640222,0.0054719279936015,0.0183644486614302,3.105603797491761,38.79886109400617,1.0455884108862932,27936.94222005208,28266.780691964286,6,-0.1171101695828251,0.0353376248143296,-0.0007801573211611,0.0119655158571236,-0.1197322464875068,-0.0072515965245228,0.0454902716699083,-0.1103249543268208,2
2023-05-15,0.0053159987766071,27192.693359375,0.4391847005541038,0.0097307268012798,0.0328867514160944,3.1423254410728934,41.81256453949621,1.077675049228587,27785.8076171875,28250.940383184523,0,-0.1018948014813659,0.0360416670928553,0.0054719279936015,0.0183644486614302,-0.1171101695828251,-0.0007801573211611,0.0119655158571236,-0.1197322464875068,0
2023-05-16,0.0089163222886519,27036.650390625,-0.1166284564252292,-0.0057384153414947,0.0156389094305262,3.1183753527057574,40.53264431013024,0.9693891000596973,27634.88590494792,28190.419084821428,1,-0.1075296290660574,0.0361233822125586,0.0097307268012798,0.0328867514160944,-0.1018948014813659,0.0054719279936015,0.0183644486614302,-0.1171101695828251,0
2023-05-17,-0.0050068233368543,27398.802734375,0.189107991437788,0.0133948672826562,0.0325480638688964,3.173974215065529,44.75903041386528,1.1042711665046423,27456.92073567708,28141.66201636905,2,-0.0654261903872273,0.0360198030829225,-0.0057384153414947,0.0156389094305262,-0.1075296290660574,0.0097307268012798,0.0328867514160944,-0.1018948014813659,2
2023-05-18,0.013544416944724,26832.208984375,0.0054776510612462,-0.0206795076227598,0.0398039651205675,3.0868274487815945,39.97253746569303,0.8930608437244095,27284.21956380208,28015.87258184524,3,-0.1184543602391411,0.0358426175716159,0.0133948672826562,0.0325480638688964,-0.0654261903872273,-0.0057384153414947,0.0156389094305262,-0.1075296290660574,0
2023-05-19,-0.020980359802404,26890.12890625,-0.2603935680986061,0.0021585968530852,0.0160451242923818,3.095453221365637,40.67100244372105,1.0174736211987414,27153.8154296875,27899.19959077381,4,-0.064486558196519,0.0343530829773292,-0.0206795076227598,0.0398039651205675,-0.1184543602391411,0.0133948672826562,0.0325480638688964,-0.0654261903872273,0
2023-05-20,0.0023144019154153,27129.5859375,-0.3742852998659048,0.0089050161152013,0.0116185835053266,3.1302232731000137,43.59320542952195,1.0718497900277852,27106.758138020832,27798.299479166668,5,-0.0355732912003247,0.0335049385050215,0.0021585968530852,0.0160451242923818,-0.064486558196519,-0.0206795076227598,0.0398039651205675,-0.1184543602391411,0
2023-05-21,0.0085381896693177,26753.826171875,0.2274699395224186,-0.0138505529163128,0.0209307570661398,3.0724185445964176,40.24350097646947,0.9231599415540108,27031.345703125,27678.538504464286,6,-0.0151153215982987,0.0327644194726088,0.0089050161152013,0.0116185835053266,-0.0355732912003247,0.0021585968530852,0.0160451242923818,-0.064486558196519,3
2023-05-22,-0.0135897002102972,26851.27734375,0.2786211874610735,0.0036425134576618,0.0186819194871887,3.0879653120347337,41.4989888780232,1.0311972833150829,26967.13916015625,27619.477027529763,0,-0.0312913961204831,0.0325251903910756,-0.0138505529163128,0.0209307570661398,-0.0151153215982987,0.0089050161152013,0.0116185835053266,-0.0355732912003247,3
2023-05-23,0.0039651882363722,27225.7265625,0.2388068607294013,0.0139453037543169,0.0230645794239776,3.1448022520864862,46.17823479584422,1.1127556609047655,26985.88395182292,27550.200334821428,1,-0.0092175677189118,0.0327831522012206,0.0036425134576618,0.0186819194871887,-0.0312913961204831,-0.0138505529163128,0.0209307570661398,-0.0151153215982987,3
2023-05-24,0.0137266575187131,26334.818359375,0.189958581897043,-0.0327230276510641,0.0428255063547731,3.0083561678124884,38.32393753914442,0.8299134366780376,26946.702962239586,27422.986514136905,2,-0.0395469162402034,0.0330912203915256,0.0139453037543169,0.0230645794239776,-0.0092175677189118,0.0036425134576618,0.0186819194871887,-0.0312913961204831,3
2023-05-25,-0.0328799123782005,26476.20703125,-0.1501911802463604,0.0053688873014257,0.0270726035879342,3.0295683007515475,40.06617887730913,1.045460916858691,26921.04703776041,27310.057756696428,3,-0.0625975804117314,0.0325686314368843,-0.0327230276510641,0.0428255063547731,-0.0395469162402034,0.0139453037543169,0.0230645794239776,-0.0092175677189118,0
2023-05-26,0.0054965311849162,26719.291015625,-0.0822679501818869,0.0091812238848294,0.0217401232582612,3.0667002188909303,43.04503598337149,1.074348420276968,26903.43473307292,27176.00567336309,4,-0.0574825269247841,0.0300345853231786,0.0053688873014257,0.0270726035879342,-0.0625975804117314,-0.0327230276510641,0.0428255063547731,-0.0395469162402034,3
2023-05-27,0.0092920719265032,26868.353515625,-0.379149500837884,0.0055788344051805,0.0100575024666134,3.08981454195764,44.8550429409871,1.0420491449540157,26876.40641276041,27079.040457589286,5,-0.0888842008514464,0.0286462310750917,0.0091812238848294,0.0217401232582612,-0.0574825269247841,0.0053688873014257,0.0270726035879342,-0.0625975804117314,3
2023-05-28,0.005650282042636,28085.646484375,0.8430311293291524,0.0453058267244435,0.0518863610743096,3.2735764786685344,56.900695243857264,1.2685462216303718,26963.82275390625,27061.45321800596,6,-0.0390480641899223,0.0296346883865666,0.0055788344051805,0.0100575024666134,-0.0888842008514464,0.0091812238848294,0.0217401232582612,-0.0574825269247841,0
2023-05-29,0.0448225411292442,27745.884765625,0.0437311355306542,-0.0120973437068298,0.0314963715318927,3.2217616502740745,53.3948866295155,0.9383872446669228,26992.74625651041,27063.91090029762,0,-0.0480175067764512,0.0302669707527806,0.0453058267244435,0.0518863610743096,-0.0390480641899223,0.0055788344051805,0.0100575024666134,-0.0888842008514464,0
2023-05-30,-0.011770677975051,27702.349609375,-0.1271449737986573,-0.0015690671469931,0.0165379698134831,3.2148604474392606,52.9447504891247,0.9915696770083228,27065.25797526041,27065.98586309524,1,-0.0502812545913687,0.0298587814040692,-0.0120973437068298,0.0314963715318927,-0.0480175067764512,0.0453058267244435,0.0518863610743096,-0.0390480641899223,0
2023-05-31,-0.0016072644523745,27219.658203125,0.1815164761674521,-0.0174242045550767,0.035926759847463,3.141230266009006,48.10271522360586,0.9085455078967,27092.71875,27046.838355654763,2,-0.0274838575039653,0.029070435278426,-0.0015690671469931,0.0165379698134831,-0.0502812545913687,-0.0120973437068298,0.0314963715318927,-0.0480175067764512,2
2023-06-01,-0.0174046200465342,26819.97265625,-0.0624283293787092,-0.0146837092476463,0.025284636605616,3.081119057537453,44.47560721064639,0.9245966054910032,27066.917643229168,27038.22805059524,3,-0.0631335997785089,0.0287706652229107,-0.0174242045550767,0.035926759847463,-0.0274838575039653,-0.0015690671469931,0.0165379698134831,-0.0502812545913687,2
2023-06-02,-0.0144701853718476,27249.58984375,0.0107939848995193,0.0160185542694759,0.0274403217705316,3.146908766717626,48.93298323243383,1.1002206895271,27108.23128255208,27059.39946056548,4,-0.0584736711558488,0.0284064138780187,-0.0146837092476463,0.025284636605616,-0.0631335997785089,-0.0174242045550767,0.035926759847463,-0.0274838575039653,2
2023-06-03,0.0159468648021252,27075.12890625,-0.434834338056865,-0.0064023326039167,0.0133188209844334,3.120357985821083,47.27334649586631,0.9660834752566756,27126.88557942708,27073.25902157738,5,-0.0594083084914276,0.0280846563239173,0.0160185542694759,0.0274403217705316,-0.0584736711558488,-0.0146837092476463,0.025284636605616,-0.0631335997785089,0
2023-06-04,-0.006502240706247,27119.06640625,0.1163083312178112,0.001622799291266,0.0162708123441859,3.1276597685110943,47.75394966933192,1.0101664724224175,27117.99723307292,27082.23177083333,6,-0.0815889170203769,0.0276755128512036,-0.0064023326039167,0.0133188209844334,-0.0594083084914276,0.0160185542694759,0.0274403217705316,-0.0584736711558488,0
2023-06-05,0.0017723401678331,25760.09765625,1.2982046957786704,-0.0501111922380486,0.0662135323765271,2.916557857671538,36.632099357484016,0.7671009332450992,27070.103841145832,27014.01292782738,0,-0.1103771081616504,0.0283006036764641,0.001622799291266,0.0162708123441859,-0.0815889170203769,-0.0064023326039167,0.0133188209844334,-0.0594083084914276,0
2023-06-06,-0.0512846805566516,27238.783203125,0.0193544546551509,0.0574021716302086,0.0738731250746775,3.140900472103475,50.21806625317186,1.370876011311981,27133.65185546875,27023.63829985119,1,-0.0374187907024231,0.0299237116372289,-0.0501111922380486,0.0662135323765271,-0.1103771081616504,0.001622799291266,0.0162708123441859,-0.0815889170203769,2
2023-06-07,0.0584305388148926,26345.998046875,-0.1094236956219304,-0.0327762495700458,0.0453281022895053,3.0054290715978773,44.07395497583797,0.8776513765711593,27102.54410807292,26973.50474330357,2,-0.0434614028632091,0.0297830799174878,0.0574021716302086,0.0738731250746775,-0.0374187907024231,-0.0501111922380486,0.0662135323765271,-0.1103771081616504,0
2023-06-08,-0.0326041816888523,26508.216796875,-0.3904353909570766,0.0061572444403654,0.0209874141743608,3.0297428733516405,45.38156168062653,1.0296684675905627,27072.53271484375,26958.07654389881,3,-0.0360223754955857,0.0299398426950357,-0.0327762495700458,0.0453281022895053,-0.0434614028632091,0.0574021716302086,0.0738731250746775,-0.0374187907024231,0
2023-06-09,0.0060069685698271,26480.375,-0.0746985115415347,-0.0010503081775867,0.0163624079944064,3.025721208546532,45.18628492064636,0.99569700220203,26938.760091145832,26938.564453125,4,-0.0357342465685945,0.0287010038939098,0.0061572444403654,0.0209874141743608,-0.0360223754955857,-0.0327762495700458,0.0453281022895053,-0.0434614028632091,2
2023-06-10,-0.0009115739384024,25851.240234375,0.8040797082587141,-0.0237585293118016,0.0403582309484458,2.930500301810296,40.9031747200962,0.905212163202354,26780.873046875,26877.690848214286,5,-0.0370116997302629,0.0290006497432327,-0.0010503081775867,0.0163624079944064,-0.0357342465685945,0.0061572444403654,0.0209874141743608,-0.0360223754955857,2
2023-06-11,-0.0237042563639391,25940.16796875,-0.4599383241050355,0.0034399794195076,0.0208209673014789,2.943126701454344,41.74374379929226,1.0205502160883146,26634.02457682292,26838.94521949405,6,-0.0263201237862323,0.0281783395976184,-0.0237585293118016,0.0403582309484458,-0.0370116997302629,-0.0010503081775867,0.0163624079944064,-0.0357342465685945,2
2023-06-12,0.0031041157749818,25902.5,0.0880755407087361,-0.0014521096700444,0.0160747608666893,2.937467946554454,41.47464510240963,0.9935535562364392,26524.261393229168,26793.76534598214,0,-0.0269920761351157,0.0283153144312706,0.0034399794195076,0.0208209673014789,-0.0263201237862323,-0.0237585293118016,0.0403582309484458,-0.0370116997302629,0
2023-06-13,-0.0012085835337722,25918.728515625,0.2111327037361543,0.0006265231396582,0.0251856782279833,2.940167331460146,41.649170450513886,1.0042080010009324,26449.15771484375,26731.52734375,1,-0.031837480989059,0.0285426887501557,-0.0014521096700444,0.0160747608666893,-0.0269920761351157,0.0034399794195076,0.0208209673014789,-0.0263201237862323,2
2023-06-14,0.0006685111925481,25124.67578125,0.0086430869671383,-0.0306362533909141,0.0457650576451489,2.818999009519453,35.993391151260084,0.8642042749453125,26272.08154296875,26673.901506696428,2,-0.072204461181253,0.0289719656244575,0.0006265231396582,0.0251856782279833,-0.031837480989059,-0.0014521096700444,0.0160747608666893,-0.0269920761351157,1
2023-06-15,-0.0308092608550322,25576.39453125,0.1101708773985288,0.0179790877276557,0.037832571291297,2.88749220373241,40.90935085905266,1.1365795094753242,26147.18701171875,26631.05329241072,3,-0.0484869581121024,0.0297117543531499,-0.0306362533909141,0.0457650576451489,-0.072204461181253,0.0006265231396582,0.0251856782279833,-0.031837480989059,0
2023-06-16,0.018056494885789,26327.462890625,0.0307666053570752,0.029365685552642,0.0482392222022876,3.001836024802743,48.053287535735365,1.1746284535605591,26081.22005208333,26612.39481026786,4,-0.0325161398421166,0.0302347929642629,0.0179790877276557,0.037832571291297,-0.0484869581121024,-0.0306362533909141,0.0457650576451489,-0.072204461181253,2
2023-06-17,0.0294579918584418,26510.67578125,-0.3206421631182883,0.0069590029007406,0.0227283241825071,3.029651562795268,49.652328068966845,1.033276402411434,26143.768229166668,26595.36253720238,5,-0.0048776293186161,0.0296656049329942,0.029365685552642,0.0482392222022876,-0.0325161398421166,0.0179790877276557,0.037832571291297,-0.0484869581121024,0
2023-06-18,0.006904157212118,26336.212890625,-0.1374701228490973,-0.0065808541458755,0.0132962322618477,3.0030157471374253,48.13291692727394,0.9693989949558368,26068.55403645833,26512.05617559524,6,-0.0136170803175769,0.0295739751986431,0.0069590029007406,0.0227283241825071,-0.0048776293186161,0.029365685552642,0.0482392222022876,-0.0325161398421166,0
2023-06-19,-0.0066017581210952,26851.029296875,0.3409361315638057,0.0195478525476706,0.0255304824686743,3.0798426245942423,52.72973894963259,1.0955026687724785,26110.63997395833,26469.444010416668,0,-0.0029742438851075,0.030037705164088,-0.0065808541458755,0.0132962322618477,-0.0136170803175769,0.0069590029007406,0.0227283241825071,-0.0048776293186161,0
2023-06-20,0.0192221063790434,28327.48828125,0.731650659209697,0.0549870534961889,0.0645015266484019,3.301723045704919,62.88826713135037,1.192652730396052,26262.245930989586,26499.21251860119,1,0.0658633625273942,0.0314900641501634,0.0195478525476706,0.0255304824686743,-0.0029742438851075,-0.0065808541458755,0.0132962322618477,-0.0136170803175769,2
2023-06-21,0.0547524356520137,30027.296875,0.5013043599055917,0.0600056234027324,0.0867618122538429,3.555088186370532,70.69611449835168,1.1241542774694937,26557.82275390625,26632.909598214286,2,0.1222264724724647,0.0337593939090519,0.0549870534961889,0.0645015266484019,0.0658633625273942,0.0195478525476706,0.0255304824686743,-0.0029742438851075,2
2023-06-22,0.0595036035937215,29912.28125,-0.3806546757567773,-0.0038303689299371,0.0275223386781904,3.5352287530686954,69.6286593863104,0.9849007951905736,26896.242838541668,26780.16238839286,3,0.1044507997882107,0.0339079858841923,0.0600056234027324,0.0867618122538429,0.1222264724724647,0.0549870534961889,0.0645015266484019,0.0658633625273942,2
2023-06-23,-0.0033188741261104,30695.46875,0.1676455085655683,0.0261828074379983,0.0517444497161461,3.6559856688826216,72.65630389886527,1.0434827345412043,27292.517903645832,26944.25186011905,4,0.1633566348772732,0.0342052839962381,-0.0038303689299371,0.0275223386781904,0.1044507997882107,0.0600056234027324,0.0867618122538429,0.1222264724724647,2
2023-06-24,0.0271723664312442,30548.6953125,-0.496266418202736,-0.0047815994828226,0.0169692792139564,3.633184905267635,71.22335808788002,0.9802777497052444,27679.700846354168,27109.65978422619,5,0.1532061480930249,0.0338685065171055,0.0261828074379983,0.0517444497161461,0.1633566348772732,-0.0038303689299371,0.0275223386781904,0.1044507997882107,0
2023-06-25,-0.005327079514852,30480.26171875,0.045740017865997,-0.0022401478377375,0.0235204912033539,3.622845579840386,70.52495548099402,0.9901941915456408,28059.82861328125,27269.71670386905,6,0.1417847763704579,0.0339278521152752,-0.0047815994828226,0.0169692792139564,0.1532061480930249,0.0261828074379983,0.0517444497161461,0.1633566348772732,1
2023-06-26,-0.0021157844141712,30271.130859375,0.2983220048477557,-0.0068611897530509,0.0227096730782734,3.5916110934578995,68.32017264736078,0.9687375508627236,28488.699869791668,27484.527808779763,0,0.1293447522122264,0.0343495911356639,-0.0022401478377375,0.0235204912033539,0.1417847763704579,-0.0047815994828226,0.0169692792139564,0.1532061480930249,1
2023-06-27,-0.0067650782120857,30688.1640625,-0.003902159904675,0.0137765980749888,0.0254703053678453,3.6561414766036737,70.31324438402635,1.0291725219570644,28914.6806640625,27648.78404017857,1,0.0978155235627717,0.0334690559454484,-0.0068611897530509,0.0227096730782734,0.1293447522122264,-0.0022401478377375,0.0235204912033539,0.1417847763704579,0
2023-06-28,0.0139471416704493,30086.24609375,-0.113052931793489,-0.0196140103892863,0.0261166256624603,3.564806979209462,64.04985209220484,0.9109215860156724,29227.91259765625,27826.891090029763,2,0.0902988568803152,0.033289731083134,0.0137765980749888,0.0254703053678453,0.0978155235627717,-0.0068611897530509,0.0227096730782734,0.1293447522122264,2
2023-06-29,-0.0198840859041172,30445.3515625,-0.0954356026253759,0.0119358682246701,0.0245880121289561,3.6186853139373296,65.99598318900993,1.0303846306155942,29555.80224609375,28014.373697916668,3,0.1038037922519785,0.0335580658269831,-0.0196140103892863,0.0261166256624603,0.0902988568803152,0.0137765980749888,0.0254703053678453,0.0978155235627717,0
2023-06-30,0.0118049525425911,30477.251953125,1.0019410382483698,0.0010477918298796,0.0559652864293849,3.622704880564064,66.17117627921748,1.0026546023218683,29900.88883463541,28204.701171875,4,0.122275788636935,0.0342260167130472,0.0119358682246701,0.0245880121289561,0.1038037922519785,-0.0196140103892863,0.0261166256624603,0.0902988568803152,0
2023-07-01,0.0010017340592083,30590.078125,-0.6556447761221997,0.0037019798257575,0.0103012040084802,3.63939204107737,66.82225301453906,1.009839280060162,30212.476236979168,28430.36011904762,5,0.140661477710339,0.0337265689598093,0.0010477918298796,0.0559652864293849,0.122275788636935,0.0119358682246701,0.0245880121289561,0.1038037922519785,2
2023-07-02,0.0037878200331684,30620.76953125,0.1592245985231855,0.0010033124506771,0.0165913550654275,3.644614945797056,67.00826547922851,1.0027836904069811,30403.5830078125,28653.24590773809,6,0.1256462358915402,0.0333649367363058,0.0037019798257575,0.0103012040084802,0.140661477710339,0.0010477918298796,0.0559652864293849,0.122275788636935,0
2023-07-03,0.001217699203649,31156.439453125,0.4498508282977345,0.017493679292688,0.0257989392920121,3.7259309333842,70.1535045183987,1.0469380757235862,30497.67822265625,28903.43350074405,0,0.149542247788145,0.0337809406798918,0.0010033124506771,0.0165913550654275,0.1256462358915402,0.0037019798257575,0.0103012040084802,0.140661477710339,2
2023-07-04,0.0173831193248463,30777.58203125,-0.1611494891734703,-0.0121598433108826,0.0217174101247388,3.668637664467445,65.40432895459008,0.9323030888276852,30569.78662109375,29134.80747767857,1,0.1357596051859964,0.0339624939392436,0.017493679292688,0.0257989392920121,0.149542247788145,0.0010033124506771,0.0165913550654275,0.1256462358915402,1
2023-07-05,-0.0121366710725058,30514.166015625,-0.0256974909059095,-0.0085586975402272,0.021561739403292,3.62761600975124,62.24894710027363,0.9517557644157282,30554.678059895832,29391.449869791668,2,0.1773120998838178,0.0324741008401357,-0.0121598433108826,0.0217174101247388,0.1357596051859964,0.017493679292688,0.0257989392920121,0.149542247788145,2
2023-07-06,-0.0088234396387977,29909.337890625,0.6928263838633002,-0.0198212241714321,0.0524492937519029,3.5356878018706936,55.61445610771551,0.8934200287456916,30501.398274739586,29597.78050595238,3,0.1000887040821769,0.0317599731293766,-0.0085586975402272,0.021561739403292,0.1773120998838178,-0.0121598433108826,0.0217174101247388,0.1357596051859964,2
2023-07-07,-0.0196397348188286,30342.265625,-0.3665279425348035,0.0144746679434417,0.0220758666060605,3.6020464871575992,58.98418569358216,1.0605908934781287,30489.89860026041,29788.961588541668,4,0.1473396215956646,0.0309848986065951,-0.0198212241714321,0.0524492937519029,0.1000887040821769,-0.0085586975402272,0.021561739403292,0.1773120998838178,0
2023-07-08,0.0146758010160716,30292.541015625,-0.438960952482639,-0.0016387902600796,0.0097831042860605,3.5943636914206527,58.43544080956622,0.9906967456181116,30491.68277994792,29969.05040922619,5,0.1395435868952195,0.0306114216103184,0.0144746679434417,0.0220758666060605,0.1473396215956646,-0.0198212241714321,0.0524492937519029,0.1000887040821769,0
2023-07-09,-0.0018226081413734,30171.234375,0.052460930363315,-0.0040045052860514,0.0113675027296795,3.576145937925464,57.04125127282356,0.9761413704178916,30448.605305989586,30151.67047991072,6,0.1365893897867548,0.0304449247681608,-0.0016387902600796,0.0097831042860605,0.1395435868952195,0.0144746679434417,0.0220758666060605,0.1473396215956646,2
2023-07-10,-0.003934670186704,30414.470703125,0.876198195604313,0.0080618620074273,0.0347065452829182,3.613517799973346,59.14603857603616,1.036899388709858,30475.957356770832,30321.35816592262,0,0.1684097811059838,0.0302565352459766,-0.0040045052860514,0.0113675027296795,0.1365893897867548,-0.0016387902600796,0.0097831042860605,0.1395435868952195,0
2023-07-11,0.0081269236363579,30620.951171875,-0.1804917893336797,0.0067888891036589,0.0141714017046266,3.6450348851267087,60.897483643928815,1.0296122125853122,30490.59065755208,30430.57068452381,1,0.171758690790135,0.0300348830594148,0.0080618620074273,0.0347065452829182,0.1684097811059838,-0.0040045052860514,0.0113675027296795,0.1365893897867548,2
2023-07-12,0.0067267983183068,30391.646484375,0.2183883881118706,-0.0074884900280502,0.0241864724054097,3.609619810485537,57.92742380349197,0.9512285292804056,30483.456868489586,30447.92066592262,2,0.1657223104321292,0.0303052734440389,0.0067888891036589,0.0141714017046266,0.171758690790135,0.0080618620074273,0.0347065452829182,0.1684097811059838,0
2023-07-13,-0.0076662506003409,31476.048828125,0.5997989958396395,0.0356809343747637,0.0510818720770895,3.773893910526248,66.29843802792118,1.1445086571228564,30557.287760416668,30522.38578869048,3,0.2007767216672347,0.0311684799056757,-0.0074884900280502,0.0241864724054097,0.1657223104321292,0.0067888891036589,0.0141714017046266,0.171758690790135,2
2023-07-14,0.0357789499353211,30334.068359375,-0.1168693570580251,-0.0362809345920698,0.0539226568309936,3.60034599385346,54.09255091905364,0.8158948012662516,30533.39599609375,30505.176246279763,4,0.195132040466079,0.0314403998785372,0.0356809343747637,0.0510818720770895,0.2007767216672347,-0.0074884900280502,0.0241864724054097,0.1657223104321292,2
2023-07-15,-0.0363128718688366,30295.806640625,-0.6169946917613203,-0.0012613447789694,0.0047687325107699,3.59479603285684,53.73559172698516,0.9934009547339956,30461.67659505208,30493.133928571428,5,0.1758916079594538,0.0303382719191863,-0.0362809345920698,0.0539226568309936,0.195132040466079,0.0356809343747637,0.0510818720770895,0.2007767216672347,2
2023-07-16,-0.0011311747365867,30249.1328125,0.0630201762450619,-0.00154060357853,0.0115617959885656,3.587792217198766,53.27375544196912,0.9914053931449662,30417.63916015625,30482.12779017857,6,0.1449853188282817,0.0291156910453956,-0.0012613447789694,0.0047687325107699,0.1758916079594538,-0.0362809345920698,0.0539226568309936,0.195132040466079,2
2023-07-17,-0.0015791978317085,30145.888671875,0.554635806567199,-0.0034131272874816,0.0219167937409012,3.572312714164076,52.20491209402282,0.979936774888893,30386.94938151041,30476.16387648809,0,0.1346131886400593,0.0290886400306754,-0.00154060357853,0.0115617959885656,0.1449853188282817,-0.0012613447789694,0.0047687325107699,0.1758916079594538,0
2023-07-18,-0.0033903439795777,29856.5625,-0.0076478558435458,-0.0095975333493794,0.022913070608914,3.529261621167983,49.22441760559256,0.9429077768953564,30382.551432291668,30436.56380208333,1,0.1315965094365554,0.0294092013089109,-0.0034131272874816,0.0219167937409012,0.1346131886400593,-0.00154060357853,0.0115617959885656,0.1449853188282817,2
2023-07-19,-0.0094544323725486,29913.923828125,-0.0768933980010404,0.0019212301525,0.0130868155356531,3.538164556373343,49.835903035934656,1.0124224005094704,30346.85628255208,30428.35797991072,2,0.1139698870413847,0.0289944124111436,-0.0095975333493794,0.022913070608914,0.1315965094365554,-0.0034131272874816,0.0219167937409012,0.1346131886400593,0
2023-07-20,0.0017816302151927,29792.015625,0.2083178374429235,-0.0040752996439197,0.0188080756759356,3.521656891460254,48.49911236668306,0.9731761523757744,30305.14583333333,30397.246744791668,3,0.0549075339012761,0.027471297378728,0.0019212301525,0.0130868155356531,0.1139698870413847,-0.0095975333493794,0.022913070608914,0.1315965094365554,2
2023-07-21,-0.0036816898362874,29908.744140625,-0.2512702326617633,0.0039181140710413,0.0104980171747637,3.53936614453933,49.88527796214986,1.028581257013253,30283.27164713541,30370.174944196428,4,-0.0011799754304149,0.024929170876092,-0.0040752996439197,0.0188080756759356,0.0549075339012761,0.0019212301525,0.0130868155356531,0.1139698870413847,2
2023-07-22,0.0034754420595721,29771.802734375,-0.2824704812002806,-0.0045786411360546,0.0110400756385127,3.521360782289348,48.24471592190243,0.9671133026162108,30229.71598307292,30331.209449404763,5,-0.0019282476365324,0.0243797621081028,0.0039181140710413,0.0104980171747637,-0.0011799754304149,-0.0040752996439197,0.0188080756759356,0.0549075339012761,2
2023-07-23,-0.0039649315530801,30084.5390625,0.171064782201016,0.0105044471413182,0.0198077682575301,3.56841826277346,52.11751673164903,1.0802740929393349,30185.01497395833,30305.67466517857,6,-0.0176066079332125,0.0233152060594823,-0.0045786411360546,0.0110400756385127,-0.0019282476365324,0.0039181140710413,0.0104980171747637,-0.0011799754304149,0
2023-07-24,0.0097868308727917,29176.916015625,0.6698020813674725,-0.030169086020877,0.0400597150372823,3.430905269053862,42.23892224961805,0.810455388101174,30083.787434895832,30211.41164434524,0,-0.042994094471267,0.0240848872535931,0.0105044471413182,0.0198077682575301,-0.0176066079332125,-0.0045786411360546,0.0110400756385127,-0.0019282476365324,2
2023-07-25,-0.0300080295752233,29227.390625,-0.3331453257990528,0.0017299501204297,0.0100035174811554,3.438322846330345,42.88725301003061,1.0153491312250142,29896.39925130208,30137.59300595238,1,-0.0390239965130997,0.0236343214628532,-0.030169086020877,0.0400597150372823,-0.042994094471267,0.0105044471413182,0.0198077682575301,-0.0176066079332125,0
2023-07-26,0.0016035199793729,29354.97265625,0.3146832921249394,0.0043651529788248,0.0192911424232522,3.457518552956764,44.580518384675706,1.039481786680277,29814.80794270833,30082.39332217262,2,-0.0277976537812238,0.0235203704410191,0.0017299501204297,0.0100035174811554,-0.0390239965130997,-0.030169086020877,0.0400597150372823,-0.042994094471267,2
2023-07-27,0.0043810345232015,29210.689453125,-0.2020199589997511,-0.0049151196567127,0.0158634199591538,3.4358332336203565,43.026904729978725,0.965150390551963,29724.381510416668,30049.12434895833,3,-0.0464893715129255,0.0232001409273961,0.0043651529788248,0.0192911424232522,-0.0277976537812238,0.0017299501204297,0.0100035174811554,-0.0390239965130997,3
2023-07-28,-0.0048250915138552,29319.24609375,0.0415657703105993,0.0037163327075591,0.0135847718477595,3.4523485184150102,44.59149158806416,1.0363629888764765,29646.890950520832,30000.409133184523,4,-0.02315902841608,0.0227824124669061,-0.0049151196567127,0.0158634199591538,-0.0464893715129255,0.0043651529788248,0.0192911424232522,-0.0277976537812238,2
2023-07-29,0.0036724855361782,29356.91796875,-0.4222230751743626,0.0012848855280773,0.0045337951645079,3.458095970300074,45.15437362398836,1.0126230815762816,29581.14339192708,29955.855654761905,5,-0.0338100111126729,0.0221139385680911,0.0037163327075591,0.0135847718477595,-0.02315902841608,-0.0049151196567127,0.0158634199591538,-0.0464893715129255,2
2023-07-30,0.0012840774134272,29275.30859375,0.3389007244148718,-0.0027799026821164,0.0132028404811921,3.446159362491576,44.1089903546053,0.9768486818555334,29532.70556640625,29913.192522321428,6,-0.037637705624669,0.0206885237031514,0.0012848855280773,0.0045337951645079,-0.0338100111126729,0.0037163327075591,0.0135847718477595,-0.02315902841608,2
2023-07-31,-0.0026834841877017,29230.111328125,0.3431863871307925,-0.0015438698273756,0.0122991936906953,3.439410756507354,43.50822636140361,0.9863800103250614,29475.72119140625,29856.79445684524,0,-0.0428835552778023,0.0207551233592252,-0.0027799026821164,0.0132028404811921,-0.037637705624669,0.0012848855280773,0.0045337951645079,-0.0338100111126729,2
2023-08-01,-0.0016203598853327,29675.732421875,0.5675331681775979,0.0152452752829999,0.0355483180797464,3.511406266479772,50.64563567525652,1.1640473517482788,29466.030924479168,29811.78404017857,1,-0.0286415924454795,0.0213870221263692,-0.0015438698273756,0.0122991936906953,-0.0428835552778023,-0.0027799026821164,0.0132028404811921,-0.037637705624669,2
2023-08-02,0.0161908758845845,29151.958984375,0.0514581334988801,-0.0176498908284369,0.0359797533340895,3.4332784035156667,43.662833730149,0.8621243103772702,29402.965494791668,29752.75130208333,2,-0.0637851625666046,0.0217263825944384,0.0152452752829999,0.0355483180797464,-0.0286415924454795,-0.0015438698273756,0.0122991936906953,-0.0428835552778023,2
2023-08-03,-0.0182578544938255,29178.6796875,-0.3347948345396661,0.0009166006009861,0.0143724483650313,3.4366885027479004,44.086373749531695,1.0097002412165987,29353.53857421875,29643.35277157738,3,-0.0507087186547358,0.0214815505357815,-0.0176498908284369,0.0359797533340895,-0.0637851625666046,0.0152452752829999,0.0355483180797464,-0.0286415924454795,0
2023-08-04,0.0004310538825389,29074.091796875,-0.0581922488228288,-0.0035843942133476,0.0144274654932772,3.4209828551185826,42.73220447064738,0.96928372275348,29269.334635416668,29583.35388764881,4,-0.0457344153278562,0.0212437414054477,0.0009166006009861,0.0143724483650313,-0.0507087186547358,-0.0176498908284369,0.0359797533340895,-0.0637851625666046,2
2023-08-05,-0.0033931871416517,29042.126953125,-0.4518099436737927,-0.0010994270766331,0.0049958209657481,3.4163616812906943,42.30451245920353,0.9899913422033344,29258.102213541668,29523.65485491072,5,-0.0270126182330572,0.0196619589792425,-0.0035843942133476,0.0144274654932772,-0.0457344153278562,0.0009166006009861,0.0143724483650313,-0.0507087186547358,0
2023-08-06,-0.0010898392574422,29041.85546875,0.1017586179789371,-9.347950838400898e-06,0.0068011811335566,3.415812218887959,42.30064006361849,0.99990846376994,29242.640950520832,29466.165457589286,6,-0.0414966341273373,0.0191528027968257,-0.0010994270766331,0.0049958209657481,-0.0270126182330572,-0.0035843942133476,0.0144274654932772,-0.0457344153278562,2
2023-08-07,-0.0001786101560989,29180.578125,0.8732496916684993,0.0047766457759308,0.0181081353064849,3.43682005552757,45.06763618149869,1.0654126300150246,29228.108072916668,29420.19828869048,0,-0.0350811980913269,0.0194303038308398,-9.347950838400898e-06,0.0068011811335566,-0.0414966341273373,-0.0010994270766331,0.0049958209657481,-0.0270126182330572,0
2023-08-08,0.0048730407132391,29765.4921875,0.2902298526561038,0.0200446358531494,0.0365112728044092,3.525937429462032,54.89044046499125,1.217956944622825,29274.341634114586,29415.86160714286,1,-0.011032056952126,0.0202684294999975,0.0047766457759308,0.0181081353064849,-0.0350811980913269,-9.347950838400898e-06,0.0068011811335566,-0.0414966341273373,2
2023-08-09,0.0201053937137261,29561.494140625,0.0460406380629219,-0.0068535082702468,0.0243945816619486,3.495295746015082,51.43588589513935,0.9370645500275192,29294.528971354168,29399.079241071428,2,-0.0259474272298002,0.0199246973792985,0.0200446358531494,0.0365112728044092,-0.011032056952126,0.0047766457759308,0.0181081353064849,-0.0350811980913269,2
2023-08-10,-0.006810385033399,29429.591796875,-0.3544257953462065,-0.0044619647140478,0.0113821658597967,3.474524789022455,49.27642320691072,0.9580164188747315,29300.58512369792,29381.820963541668,3,-0.037198281047507,0.0198317228511375,-0.0068535082702468,0.0243945816619486,-0.0259474272298002,0.0200446358531494,0.0365112728044092,-0.011032056952126,0
2023-08-11,-0.0047040468517887,29397.71484375,-0.1407608983725757,-0.0010831598801986,0.0090333020180999,3.469993234049885,48.74381485721628,0.9891914161980054,29310.78564453125,29357.48623511905,4,-0.0307929508996553,0.0193266171715605,-0.0044619647140478,0.0113821658597967,-0.037198281047507,-0.0068535082702468,0.0243945816619486,-0.0259474272298002,2
2023-08-12,-0.0008535367112385,29415.96484375,-0.392422185852438,0.0006207965516027,0.0036626098515177,3.472863817142901,49.08312844731257,1.0069611619667076,29326.2734375,29340.54157366072,5,-0.0658530887228163,0.0177459750973748,-0.0010831598801986,0.0090333020180999,-0.0307929508996553,-0.0044619647140478,0.0113821658597967,-0.037198281047507,2
2023-08-13,0.0005716585825086,29282.9140625,0.1833182987701798,-0.0045230806453818,0.0060010972969801,3.452685853464845,46.65807648492338,0.9505929626105164,29293.53857421875,29302.36895461309,6,-0.0340952347761284,0.0161485897795744,0.0006207965516027,0.0036626098515177,-0.0658530887228163,-0.0010831598801986,0.0090333020180999,-0.0307929508996553,2
2023-08-14,-0.0045324784799395,29408.443359375,0.9118542811537772,0.0042867761250493,0.0184090954510272,3.471713529449751,49.20782850176655,1.054647602493152,29314.91227213541,29313.39406622024,0,-0.0285471138721096,0.0166032685442496,-0.0045230806453818,0.0060010972969801,-0.0340952347761284,0.0006207965516027,0.0036626098515177,-0.0658530887228163,0
2023-08-15,0.0042613131394177,29170.34765625,-0.0980112308141847,-0.008096168172366,0.0120412988410441,3.4353161516087933,44.8306390287468,0.9110468881417392,29314.21793619792,29310.677734375,1,-0.0351026784659456,0.0166192519726655,0.0042867761250493,0.0184090954510272,-0.0285471138721096,-0.0045230806453818,0.0060010972969801,-0.0340952347761284,2
2023-08-16,-0.0081261633769613,28701.779296875,0.1826772437208783,-0.0160631736342917,0.0181242166293724,3.36377036420017,37.719582826960526,0.841379548544324,29283.19189453125,29279.57328869048,2,-0.0477527248127557,0.0164928327356146,-0.008096168172366,0.0120412988410441,-0.0351026784659456,0.0042867761250493,0.0184090954510272,-0.0285471138721096,2
2023-08-17,-0.016087980059146,26664.55078125,1.081763674568856,-0.070979171519405,0.1313243857453017,3.0497046241677,21.64439399307789,0.5738237904796579,29085.060546875,29158.328590029763,3,-0.1091343629827813,0.0201065432401608,-0.0160631736342917,0.0181242166293724,-0.0477527248127557,-0.008096168172366,0.0120412988410441,-0.0351026784659456,1
2023-08-18,-0.0719072750595315,26049.556640625,-0.2279698146396565,-0.0230641103114871,0.0443833770287636,2.956039863258166,19.01049805576295,0.8783104790017547,28835.70231119792,29002.629092261905,4,-0.1341197034467685,0.0211497619565979,-0.070979171519405,0.1313243857453017,-0.1091343629827813,-0.0160631736342917,0.0181242166293724,-0.0477527248127557,2
2023-08-19,-0.0220845610599814,26096.205078125,-0.5575069029572026,0.0017907574452629,0.0173255539601477,2.9632238331065097,19.807642401789195,1.0419317970359323,28578.67122395833,28847.35704985119,5,-0.1282536463575858,0.0211003445660716,-0.0230641103114871,0.0443833770287636,-0.1341197034467685,-0.070979171519405,0.1313243857453017,-0.1091343629827813,2
2023-08-20,0.001882279370359,26189.583984375,-0.1500138099963275,0.0035782561476065,0.0098586404945273,2.977269707545502,21.473811684477823,1.0841174961103963,28280.67887369792,28700.41778273809,6,-0.1285935042810206,0.0210790320100637,0.0017907574452629,0.0173255539601477,-0.1282536463575858,-0.0230641103114871,0.0443833770287636,-0.1341197034467685,2
2023-08-21,0.0035188169554334,26124.140625,0.4797143688784877,-0.0024988315741878,0.0144746579379118,2.9683346136519373,21.142269171431025,0.9845606118784002,27994.232747395832,28552.51441592262,0,-0.1265136947191538,0.0211935180867103,0.0035782561476065,0.0098586404945273,-0.1285935042810206,0.0017907574452629,0.0173255539601477,-0.1282536463575858,3
2023-08-22,-0.0022125335884927,26031.65625,0.0846769555245869,-0.0035401882238949,0.0240894101631385,2.9556254971854106,20.65688852542345,0.9770421688385534,27711.07145182292,28378.986979166668,1,-0.140558330084367,0.021336239483564,-0.0024988315741878,0.0144746579379118,-0.1265136947191538,0.0035782561476065,0.0098586404945273,-0.1285935042810206,2
2023-08-23,-0.0034546824812692,26431.640625,0.1710890619306584,0.0153653064237893,0.0380507833731034,3.016386494315615,28.321324060445946,1.3710353340770316,27463.89860026041,28249.44800967262,2,-0.0950239376397006,0.021269275094758,-0.0035401882238949,0.0240894101631385,-0.140558330084367,-0.0024988315741878,0.0144746579379118,-0.1265136947191538,0
2023-08-24,0.0150168123945872,26162.373046875,-0.2421942531881317,-0.0101873198847262,0.0246955897308818,2.975668829239569,26.467735041825208,0.9345514703103344,27192.765950520832,28105.81436011905,3,-0.1069412076448566,0.0217590108364155,0.0153653064237893,0.0380507833731034,-0.0950239376397006,-0.0035401882238949,0.0240894101631385,-0.140558330084367,2
2023-08-25,-0.0101333502008211,26047.66796875,-0.0361640637779734,-0.0043843529759125,0.0178886403903157,2.95817220429682,25.696206197307816,0.9708502127855596,26923.162109375,27961.69893973214,4,-0.115690713599594,0.021712260768651,-0.0101873198847262,0.0246955897308818,-0.1069412076448566,0.0153653064237893,0.0380507833731034,-0.0950239376397006,2
2023-08-26,-0.0044506473818219,26008.462890625,-0.5135583291371357,-0.0015051281432193,0.0047531725274971,2.9521811101357742,25.423425387084592,0.9893843936288228,26639.830403645832,27817.238746279763,5,-0.1122807220861006,0.0213419191875958,-0.0043843529759125,0.0178886403903157,-0.115690713599594,-0.0101873198847262,0.0246955897308818,-0.1069412076448566,0
2023-08-27,-0.0014969799456876,26089.693359375,0.1456467112384085,0.0031232321991347,0.0077132538947641,2.9645128177557427,27.14903066456735,1.0678746176492562,26383.109212239586,27676.659598214286,6,-0.1128738225945249,0.0211462019224959,-0.0015051281432193,0.0047531725274971,-0.1122807220861006,-0.0043843529759125,0.0178886403903157,-0.115690713599594,0
2023-08-28,0.0031287407387381,26106.150390625,0.5914338163551247,0.0006307866874213,0.0122863658657204,2.966456799537664,27.514966205724548,1.0134787700407584,26166.80680338541,27530.258277529763,0,-0.1135279214351809,0.0214046209458697,0.0031232321991347,0.0077132538947641,-0.1128738225945249,-0.0015051281432193,0.0047531725274971,-0.1122807220861006,0
2023-08-29,0.0004933416470258,27727.392578125,1.6691731125760445,0.0621019247664413,0.0840018584085071,3.212582579156116,52.71396336081959,1.9158287517668235,26255.376953125,27433.20591517857,1,-0.0486460939866231,0.0237645882101135,0.0006307866874213,0.0122863658657204,-0.1135279214351809,0.0031232321991347,0.0077132538947641,-0.1128738225945249,0
2023-08-30,0.0622008813965204,27297.265625,-0.4434950542994174,-0.0155127083050838,0.025525429104825,3.147942618652284,47.95111188711956,0.9096472515052796,26359.35270182292,27325.38550967262,2,-0.0626149324643313,0.0242054627239178,0.0621019247664413,0.0840018584085071,-0.0486460939866231,0.0006307866874213,0.0122863658657204,-0.1135279214351809,2
2023-08-31,-0.0152980239515263,25931.47265625,0.2347911872114327,-0.0500340578984273,0.0661341625270184,2.9407915234397404,36.63274576194042,0.7639602987346069,26345.625,27158.80840773809,3,-0.1278942656457585,0.0252249908721602,-0.0155127083050838,0.025525429104825,-0.0626149324643313,0.0621019247664413,0.0840018584085071,-0.0486460939866231,0
2023-09-01,-0.0501029860812837,25800.724609375,-0.1475714293580028,-0.0050420602257421,0.0300938974511568,2.9209500126971912,35.76248820199318,0.976243725610888,26313.22005208333,26987.52315848214,4,-0.1152864350430638,0.0250287956760625,-0.0500340578984273,0.0661341625270184,-0.1278942656457585,-0.0155127083050838,0.025525429104825,-0.0626149324643313,2
2023-09-02,-0.0051326913647078,25868.798828125,-0.4128658741061017,0.0026384615075991,0.0084336044577169,2.931397690401928,36.60689648720738,1.023611564174305,26291.94156901041,26818.610491071428,5,-0.1135645741364508,0.0248308342124853,-0.0050420602257421,0.0300938974511568,-0.1152864350430638,-0.0500340578984273,0.0661341625270184,-0.1278942656457585,2
2023-09-03,0.0026573674953629,25969.56640625,-0.112655376146875,0.0038953327054152,0.0104627516961308,2.9464995623928583,37.90803055659498,1.0355434137893196,26286.767415364586,26660.83203125,6,-0.1060848472176879,0.0246986770859138,0.0026384615075991,0.0084336044577169,-0.1135645741364508,-0.0050420602257421,0.0300938974511568,-0.1152864350430638,2
2023-09-04,0.0038152020698865,25812.416015625,0.1916994010550168,-0.0060513290120692,0.0165451759717676,2.923004143900523,36.6448306599264,0.9666772481154704,26235.16536458333,26489.59263392857,0,-0.1110367491531241,0.0250836555861144,0.0038953327054152,0.0104627516961308,-0.1060848472176879,0.0026384615075991,0.0084336044577169,-0.1135645741364508,0
2023-09-05,-0.0059000264972826,25779.982421875,0.0387715646017501,-0.0012565113521479,0.0104879578607173,2.91867505199786,36.37542099057048,0.992648085295956,26203.299479166668,26328.146670386905,1,-0.1122839125544337,0.0252065481436865,-0.0060513290120692,0.0165451759717676,-0.1110367491531241,0.0038953327054152,0.0104627516961308,-0.1060848472176879,2
2023-09-06,-0.0012018377790612,25753.236328125,0.1494370558501161,-0.0010374752516241,0.021596933105108,2.913861079252674,36.13946438234117,0.9935132954670002,26178.763509114586,26187.73986235119,2,-0.1180980335819886,0.0253228414036406,-0.0012565113521479,0.0104879578607173,-0.1122839125544337,-0.0060513290120692,0.0165451759717676,-0.1110367491531241,2
2023-09-07,-0.0013814472176492,26240.1953125,-0.13051334476271,0.018908652030005,0.0312830080146291,2.988628871805821,43.34518833297824,1.199386572927683,26198.074544270832,26167.53245907738,3,-0.119234017405133,0.0251485659106479,-0.0010374752516241,0.021596933105108,-0.1180980335819886,-0.0012565113521479,0.0104879578607173,-0.1122839125544337,0
2023-09-08,0.0192982155383969,25905.654296875,-0.0244357139062283,-0.0127491816139658,0.0286837095065213,2.9377423825155304,40.005496462712586,0.922951266364098,26182.737955729168,26160.67996651786,4,-0.125129690748852,0.0252915368388003,0.018908652030005,0.0312830080146291,-0.119234017405133,-0.0010374752516241,0.021596933105108,-0.1180980335819886,2
2023-09-09,-0.0129464849499689,25895.677734375,-0.4932852418544701,-0.0003851113886439,0.0043192672433005,2.936154958459164,39.90674851254535,0.997531640426978,26165.19856770833,26151.131045386905,5,-0.1210528374234481,0.0250561068849171,-0.0127491816139658,0.0286837095065213,-0.125129690748852,0.018908652030005,0.0312830080146291,-0.119234017405133,2
2023-09-10,-0.0003943129071205,25832.2265625,0.4411786766392902,-0.002450261102484,0.0131772890749366,2.9264325695851023,39.2432847913864,0.9833746485021104,26007.26806640625,26134.11402529762,6,-0.1224199386457335,0.0251942397868117,-0.0003851113886439,0.0043192672433005,-0.1210528374234481,-0.0127491816139658,0.0286837095065213,-0.125129690748852,2
2023-09-11,-0.0024520400279129,25162.654296875,0.8482066491780342,-0.025920036896742,0.0382526688473299,2.824355891348596,33.00707920780431,0.8410885934566087,25829.3837890625,26088.32896205357,0,-0.1489607720940783,0.0263472417533387,-0.002450261102484,0.0131772890749366,-0.1224199386457335,-0.0003851113886439,0.0043192672433005,-0.1210528374234481,2
2023-09-12,-0.0259780136426893,25833.34375,0.2778952780720025,0.0266541615686504,0.0524751214938978,2.926930892161636,42.81054684266923,1.2970110615709056,25821.20638020833,26078.88550967262,1,-0.117783529880046,0.027896375893236,-0.025920036896742,0.0382526688473299,-0.1489607720940783,-0.002450261102484,0.0131772890749366,-0.1224199386457335,2
2023-09-13,0.0269029720490749,26228.32421875,-0.2993578086605271,0.0152895603671128,0.0230785227351497,2.9869648136182536,47.66747135659797,1.1134515878009723,25856.839680989586,26069.203776041668,2,-0.1067807456379825,0.0280520234693734,0.0266541615686504,0.0524751214938978,-0.117783529880046,-0.025920036896742,0.0382526688473299,-0.1489607720940783,2
2023-09-14,0.0151222768940679,26539.673828125,0.056554291260769,0.011870739692642,0.0230469403870197,3.033402945893884,51.18665074011776,1.073827691785725,25912.745930989586,26087.17047991072,3,-0.0868138377729744,0.0284188781875726,0.0152895603671128,0.0230785227351497,-0.1067807456379825,0.0266541615686504,0.0524751214938978,-0.117783529880046,0
2023-09-15,0.0116492978787952,26608.693359375,-0.1688192534178868,0.0026006171627044,0.0228575018278425,3.0435132324129004,51.95790921299325,1.015067570581855,25966.006510416668,26113.88597470238,4,-0.0681500469759782,0.0285766543608549,0.011870739692642,0.0230469403870197,-0.0868138377729744,0.0152895603671128,0.0230785227351497,-0.1067807456379825,2
2023-09-16,0.0027278719705798,26568.28125,-0.3552089043079289,-0.0015187558753523,0.0106096572743545,3.0373184019532147,51.44536446587393,0.9901353854517466,26028.99527994792,26140.54399181548,5,0.0013103686680744,0.02455283007849,0.0026006171627044,0.0228575018278425,-0.0681500469759782,0.011870739692642,0.0230469403870197,-0.0868138377729744,2
2023-09-17,-0.001438442374288,26534.1875,-0.0848173577807445,-0.0012832501161511,0.0065389806318787,3.031956169647298,50.98838226053626,0.9911171354293582,26091.845703125,26161.710379464286,6,0.0230912288634104,0.0232913501985939,-0.0015187558753523,0.0106096572743545,0.0013103686680744,0.0026006171627044,0.0228575018278425,-0.0681500469759782,2
2023-09-18,-0.0013148783788959,26754.28125,1.3051157419938932,0.0082947235523982,0.0378269636748762,3.066398511823186,53.8390425764749,1.0559080360967832,26175.26611328125,26192.57375372024,0,0.0295951949705457,0.0239747305224181,-0.0012832501161511,0.0065389806318787,0.0230912288634104,-0.0015187558753523,0.0106096572743545,0.0013103686680744,2
2023-09-19,0.0085877010588157,27211.1171875,-0.1157611134267703,0.0170752461346723,0.030251485581344,3.135698197547592,59.150031465141645,1.0986456785728094,26256.17626953125,26167.989211309523,1,0.0430921849576115,0.024654492025312,0.0082947235523982,0.0378269636748762,0.0295951949705457,-0.0012832501161511,0.0065389806318787,0.0230912288634104,2
2023-09-20,0.0167923263605973,27132.0078125,-0.0381362794953425,-0.0029072446550022,0.0191863555034348,3.123345211018882,57.907554949491605,0.978994491044654,26358.37239583333,26160.119791666668,2,0.0426837718767971,0.0248115486108295,0.0170752461346723,0.030251485581344,0.0430921849576115,0.0082947235523982,0.0378269636748762,0.0295951949705457,0
2023-09-21,-0.002954354897418,26567.6328125,0.0068011679057764,-0.0208010776017831,0.028937434841683,3.037031704078035,49.86086105551441,0.861042416641564,26414.36865234375,26190.41313244048,3,0.0254228824989088,0.0249731494334476,-0.0029072446550022,0.0191863555034348,0.0426837718767971,0.0170752461346723,0.030251485581344,0.0430921849576115,0
2023-09-22,-0.0208546458948353,26579.568359375,-0.2088553083710144,0.000449251424063,0.0087012750454029,3.038691612613423,50.01903906013739,1.0031723881472256,26476.647135416668,26227.500930059523,4,0.0105068274991826,0.0239948324891909,-0.0208010776017831,0.028937434841683,0.0254228824989088,-0.0029072446550022,0.0191863555034348,0.0426837718767971,2
2023-09-23,0.0005458503645043,26579.390625,-0.3000399286712896,-6.686879658768241e-06,0.0042859648918665,3.038661935421344,50.01650861814525,0.999949410423717,26594.70849609375,26261.33863467262,5,0.02068746050425,0.0233145116612238,0.000449251424063,0.0087012750454029,0.0105068274991826,-0.0208010776017831,0.028937434841683,0.0254228824989088,2
2023-09-24,3.071672630827749e-05,26256.826171875,0.1064414970169094,-0.0121358859454664,0.0188782599381549,2.989185637367064,45.51606326668071,0.910020801615252,26629.998697916668,26275.01767113096,6,0.0129359275346961,0.0233474989794851,-6.686879658768241e-06,0.0042859648918665,0.02068746050425,0.000449251424063,0.0087012750454029,0.0105068274991826,2
2023-09-25,-0.0122500126574008,26298.48046875,0.464424145101469,0.001586417817688,0.0157637796789156,2.9949485713558297,46.18940862393025,1.0147935763535694,26635.84505208333,26298.16359747024,0,0.0160274734956036,0.0237145192178657,-0.0121358859454664,0.0188782599381549,0.0129359275346961,-6.686879658768241e-06,0.0042859648918665,0.02068746050425,0
2023-09-26,0.0015610106076262,26217.25,-0.1677248760584271,-0.0030887894396227,0.0114666040845323,2.9814314329961547,45.02091186563872,0.974702062808266,26608.976399739586,26318.98586309524,1,0.009815451856846,0.023839630890858,0.001586417817688,0.0157637796789156,0.0160274734956036,-0.0121358859454664,0.0188782599381549,0.0129359275346961,2
2023-09-27,-0.0032424624798966,26352.716796875,0.1735399484392334,0.005167086436411,0.0270523678909602,3.002473956256013,47.41028782579309,1.05307258029969,26587.64501953125,26347.53255208333,2,0.0143517516058357,0.0243318309583659,-0.0030887894396227,0.0114666040845323,0.009815451856846,0.001586417817688,0.0157637796789156,0.0160274734956036,2
2023-09-28,0.0055824973398315,27021.546875,0.2014460624385174,0.0253799288809688,0.0354072368230218,3.104556896264977,57.281501517828566,1.208208263326871,26625.41715494792,26384.73976934524,3,-0.0223702442796367,0.0227120102388498,0.005167086436411,0.0270523678909602,0.0143517516058357,-0.0030887894396227,0.0114666040845323,0.009815451856846,2
2023-09-29,0.0253845066197446,26911.720703125,-0.2615645018783218,-0.0040643924784561,0.0188675356281087,3.0878696192319914,55.44124867807511,0.9678735230224248,26656.87825520833,26432.64769345238,4,-0.0109219284530089,0.0224900804562926,0.0253799288809688,0.0354072368230218,-0.0223702442796367,0.005167086436411,0.0270523678909602,0.0143517516058357,2
2023-09-30,-0.0041869752504187,26967.916015625,-0.4872114712708034,0.0020881352448591,0.0075430996912069,3.0963267274641098,56.21634213805996,1.0139804473828775,26674.68115234375,26483.70665922619,5,0.0412002646902774,0.0205370450284322,-0.0040643924784561,0.0188675356281087,-0.0109219284530089,0.0253799288809688,0.0354072368230218,-0.0223702442796367,2
2023-10-01,0.0020699938347248,27983.75,0.7827066930220858,0.0376682419133327,0.0401313098067757,3.2495722962847946,67.292244786586,1.1970228269446113,26739.06722005208,26586.16015625,6,0.0839105668293523,0.0208716254402861,0.0020881352448591,0.0075430996912069,0.0412002646902774,-0.0040643924784561,0.0188675356281087,-0.0109219284530089,2
2023-10-02,0.0374304706920762,27530.78515625,1.0826192419550011,-0.0161867099209362,0.0419292380189295,3.177363842202068,60.00324005600226,0.8916813556495188,26772.298665364586,26698.92829241072,0,0.0650853954008169,0.0219881465589932,0.0376682419133327,0.0401313098067757,0.0839105668293523,0.0020881352448591,0.0075430996912069,0.0412002646902774,2
2023-10-03,-0.0167476943262347,27429.978515625,-0.4236452093736502,-0.0036615970105057,0.0165780945306404,3.161930806411132,58.48494345512839,0.974696423068874,26844.160807291668,26774.95851934524,1,0.057528465684896,0.0221919913201435,-0.0161867099209362,0.0419292380189295,0.0650853954008169,0.0376682419133327,0.0401313098067757,0.0839105668293523,2
2023-10-04,-0.0028783266384909,27799.39453125,-0.0231822563608521,0.0134676013477212,0.0212327691933857,3.2178685307372223,62.2542482586929,1.0644491484625689,26945.81298828125,26849.77139136905,2,0.0770473960446865,0.0223482444275308,-0.0036615970105057,0.0165780945306404,0.057528465684896,-0.0161867099209362,0.0419292380189295,0.0650853954008169,0
2023-10-05,0.0134737418652055,27415.912109375,0.0658597285395685,-0.0137946321616435,0.026164165342257,3.1591096896063124,56.51765350141904,0.9078521559936622,27015.523111979168,26891.497023809523,3,0.064509275235191,0.0228707846769155,0.0134676013477212,0.0212327691933857,0.0770473960446865,-0.0036615970105057,0.0165780945306404,0.057528465684896,2
2023-10-06,-0.0139043977453094,27946.59765625,0.1359858073150002,0.0193568444762239,0.0381026387786798,3.2396447809750724,61.76800756739135,1.0928975946575787,27156.33740234375,26955.20675223214,4,0.0849035949630391,0.0234209748660345,-0.0137946321616435,0.026164165342257,0.064509275235191,0.0134676013477212,0.0212327691933857,0.0770473960446865,2
2023-10-07,0.0195044434249302,27968.83984375,-0.5143155853491768,0.0007958817661306,0.0056571787254591,3.2434495597763053,61.975244412181766,1.0033550838524994,27295.53401692708,27021.90001860119,5,0.0667908246991647,0.0225667805563955,0.0193568444762239,0.0381026387786798,0.0849035949630391,-0.0137946321616435,0.026164165342257,0.064509275235191,2
2023-10-08,0.0008908533742146,27935.08984375,0.2081217382690443,-0.0012067000343434,0.0130316937308365,3.238235348980208,61.43110605917256,0.99122006926846,27438.687337239586,27088.60965401786,6,0.0783333062787872,0.022045046697206,0.0007958817661306,0.0056571787254591,0.0667908246991647,0.0193568444762239,0.0381026387786798,0.0849035949630391,2
2023-10-09,-0.001330098197123,27583.677734375,0.5167181657095421,-0.0125795947441215,0.0251591110953413,3.1857580666749774,55.925229231369855,0.9103731451213128,27541.267415364586,27128.10472470238,0,0.0661388229233096,0.0227397081589407,-0.0012067000343434,0.0130316937308365,0.0783333062787872,0.0007958817661306,0.0056571787254591,0.0667908246991647,2
2023-10-10,-0.0123600502011893,27391.01953125,-0.1694182245687046,-0.0069845002171304,0.0151709986095021,3.156682981273206,53.1145755422624,0.9497426523281752,27572.05680338541,27136.67150297619,1,0.0616045838086631,0.0228061651434263,-0.0125795947441215,0.0251591110953413,0.0661388229233096,-0.0012067000343434,0.0130316937308365,0.0783333062787872,0
2023-10-11,-0.0071450057133568,26873.3203125,0.368456276495525,-0.0189003267351682,0.0343741651673841,3.078116165282964,46.37058669633248,0.8730294127915258,27568.85677083333,27124.35305059524,2,0.0686242939702369,0.0226768816874281,-0.0069845002171304,0.0151709986095021,0.0616045838086631,-0.0125795947441215,0.0251591110953413,0.0661388229233096,2
2023-10-12,-0.0189391705787407,26756.798828125,-0.3117786948256433,-0.0043359541366684,0.0136725190581459,3.059838779381785,44.98608185255328,0.9701426067164964,27551.263671875,27133.36095610119,3,0.0376341782649181,0.0213834616062363,-0.0189003267351682,0.0343741651673841,0.0686242939702369,-0.0069845002171304,0.0151709986095021,0.0616045838086631,2
2023-10-13,-0.004480807865267,26862.375,0.6145490576676542,0.0039457699163931,0.0152278382894093,3.076438814757364,46.543471300809024,1.034619361903094,27457.81575520833,27146.82793898809,4,0.0262903878141984,0.0211217721247116,-0.0043359541366684,0.0136725190581459,0.0376341782649181,-0.0189003267351682,0.0343741651673841,0.0686242939702369,2
2023-10-14,0.004235963506848,26861.70703125,-0.6447078385432248,-2.486633255627257e-05,0.005758584632256,3.075776674903863,46.53449547164025,0.999807151703173,27402.059244791668,27160.27157738096,5,0.0143947817890001,0.0205454935995529,0.0039457699163931,0.0152278382894093,0.0262903878141984,-0.0043359541366684,0.0136725190581459,0.0376341782649181,2
2023-10-15,-0.0003048963119904,27159.65234375,0.3173808711260408,0.0110918234702426,0.0175731689180833,3.1214361096399523,51.06742505969179,1.0974100942130998,27379.53206380208,27203.26329985119,6,0.0228859880965383,0.0203693491692276,-2.486633255627257e-05,0.005758584632256,0.0143947817890001,0.0039457699163931,0.0152278382894093,0.0262903878141984,0
2023-10-16,0.0113417624018439,28519.466796875,2.921257329310317,0.050067446958242,0.0854266729883559,3.3281851223768326,65.46039572348775,1.28184249836314,27439.5380859375,27309.024553571428,0,0.0744721909301326,0.0228632496930276,0.0110918234702426,0.0175731689180833,0.0228859880965383,-2.486633255627257e-05,0.005758584632256,0.0143947817890001,3
2023-10-17,0.0500492332569175,28415.748046875,-0.4656681225426484,-0.0036367703063566,0.0180918907632943,3.312108080643168,63.91611918723691,0.9764089947947452,27522.857747395832,27413.71493675596,1,0.0721186707399271,0.0232483466974081,0.050067446958242,0.0854266729883559,0.0744721909301326,0.0110918234702426,0.0175731689180833,0.0228859880965383,3
2023-10-18,-0.0038063962741607,28328.341796875,-0.1444541905096068,-0.0030759792019486,0.0253691850874755,3.299462391191785,62.57636031103859,0.9790387950139212,27554.669759114586,27507.79231770833,2,0.0607479679855802,0.0228330874111614,-0.0036367703063566,0.0180918907632943,0.0721186707399271,0.050067446958242,0.0854266729883559,0.0744721909301326,1
2023-10-19,-0.0028548100431902,28719.806640625,0.1354850823259354,0.0138188407410837,0.0253561865734903,3.360849908643184,66.01249723837506,1.0549111023756734,27617.250325520832,27588.66183035714,3,0.0574915625919916,0.0226699107775663,-0.0030759792019486,0.0253691850874755,0.0607479679855802,-0.0036367703063566,0.0180918907632943,0.0721186707399271,0
2023-10-20,0.014132098164667,29682.94921875,0.4905895961474564,0.0335358308702053,0.0525289614113031,3.5071601744603296,72.66304081243203,1.1007467351226157,27762.9052734375,27720.62509300596,4,0.0939346381171992,0.0237813309744952,0.0138188407410837,0.0253561865734903,0.0574915625919916,-0.0030759792019486,0.0253691850874755,0.0607479679855802,2
2023-10-21,0.0330830251780955,29918.412109375,-0.4641029027857302,0.0079325975626527,0.0273298028567325,3.54295043685016,74.00237259513233,1.018432091029022,27957.466471354168,27861.12490699405,5,0.1226683132816351,0.0237277432416636,0.0335358308702053,0.0525289614113031,0.0939346381171992,0.0138188407410837,0.0253561865734903,0.0574915625919916,0
2023-10-22,0.0079260997463397,29993.896484375,-0.0948455951890555,0.0025230073950464,0.0161209978444876,3.5767014663599905,74.43479337261503,1.005843336670413,28174.372884114586,27956.846168154763,6,0.1247420692526185,0.0239750673349664,0.0079325975626527,0.0273298028567325,0.1226683132816351,0.0335358308702053,0.0525289614113031,0.0939346381171992,0
2023-10-23,0.0074211643276747,33086.234375,2.672378185664209,0.1030989052134629,0.1419573982964925,4.047191816020964,85.25495146557824,1.1453642524242431,28692.11572265625,28221.39136904762,0,0.2278476613457403,0.0285641151151206,0.0025230073950464,0.0161209978444876,0.1247420692526185,0.0079325975626527,0.0273298028567325,0.1226683132816351,2
2023-10-24,0.0974304030363857,33901.52734375,0.1712934155538943,0.0246414554013447,0.0690273508385828,4.17377627697139,86.83677503094623,1.0185540374861002,29287.509765625,28529.56036086309,1,0.2646250026925515,0.0302357514784682,0.1030989052134629,0.1419573982964925,0.2278476613457403,0.0025230073950464,0.0161209978444876,0.1247420692526185,0
2023-10-25,0.0253569113074367,34502.8203125,-0.4379811236782752,0.017736456610143,0.0422630103231553,4.265764884136907,87.87029568688813,1.0119018774657809,29924.213541666668,28848.77111235119,2,0.2807750414850064,0.0311190591666095,0.0246414554013447,0.0690273508385828,0.2646250026925515,0.1030989052134629,0.1419573982964925,0.2278476613457403,2
2023-10-26,0.0173441841164079,34156.6484375,-0.2307376754404573,-0.0100331471996967,0.031709485714418,4.212910035643112,83.79136378804625,0.9535800822455804,30532.125325520832,29169.75855654762,3,0.2738306837249324,0.0317938218876057,0.017736456610143,0.0422630103231553,0.2807750414850064,0.0246414554013447,0.0690273508385828,0.2646250026925515,2
2023-10-27,-0.0100795892901901,33909.80078125,-0.1548943348105441,-0.0072269285056373,0.0245781190109837,4.174919548795936,80.90724149152871,0.96557971888591,31094.6376953125,29453.72061011905,4,0.2614366687828841,0.0317113469249398,-0.0100331471996967,0.031709485714418,0.2738306837249324,0.017736456610143,0.0422630103231553,0.2807750414850064,2
2023-10-28,-0.0072834553818453,34089.57421875,-0.3811481006992802,0.0053015185391298,0.0154860210218001,4.20232348214648,81.40911657924246,1.006203092312402,31558.81331380208,29745.18415178572,5,0.241358258441045,0.0310473063982324,-0.0072269285056373,0.0245781190109837,0.2614366687828841,-0.0100331471996967,0.031709485714418,0.2738306837249324,0
2023-10-29,0.0053571405942391,34538.48046875,0.0984213189731446,0.0131684322930936,0.0234389500259879,4.269801614672287,82.63649680717799,1.0150766926298826,32069.041015625,30059.631324404763,6,0.2585910832125948,0.0311996868781617,0.0053015185391298,0.0154860210218001,0.241358258441045,-0.0072269285056373,0.0245781190109837,0.2614366687828841,0
2023-10-30,0.0129768041931142,34502.36328125,0.5398173329517533,-0.0010457086417764,0.0214875414103943,4.263942273718245,82.16647640068018,0.994312193465866,32583.542805989586,30389.09254092262,0,0.2554572393259592,0.0316645016021346,0.0131684322930936,0.0234389500259879,0.2585910832125948,0.0053015185391298,0.0154860210218001,0.241358258441045,2
