Date,Open,Close,Volume,Returns,Range,12_MA,21_MA,HMM,MA_Signal,HMM_Signal,Main_Signal,lrets_bench,bench_prod,bench_prod_exponent,lrets_strat,lrets_prod,strat_prod_exponent
2022-01-06,467.8900146484375,467.94000244140625,86858900,-0.0009394133755055156,0.01158072048053893,472.97166697184247,469.7190479096912,1,1.0,0,1.0,-0.0009398549007887172,-0.0009398549007887172,-0.0009394133755055156,0.00012822182628269987,0.00012822182628269987,0.00012823004705242447
2022-01-07,467.95001220703125,466.0899963378906,85111600,-0.003953511334494841,0.009792356333400809,473.2241668701172,469.5557149251302,0,1.0,1,0.0,-0.003961347119826814,-0.004901202020615531,-0.004889210728572513,-0.0,0.00012822182628269987,0.00012823004705242447
2022-01-10,462.70001220703125,465.510009765625,119362000,-0.001244366059822366,0.020017485783360378,473.04250081380206,469.51571509951634,0,1.0,1,1.0,-0.0012451409261460564,-0.0061463429467615875,-0.006127492820504954,0.005453008277016983,0.005581230103299683,0.005596834184514954
2022-01-11,465.2300109863281,469.75,74303100,0.009108268663244656,0.01688132997861236,472.97166697184247,469.46857270740327,1,1.0,0,1.0,0.009067038551736909,0.0029206956049753216,0.0029249649918985376,0.013578025690286934,0.019159255793586617,0.019343972124803877
2022-01-12,471.5899963378906,471.0199890136719,67605400,0.002703542338843734,0.009084338600772845,472.451665242513,469.6804765973772,0,1.0,1,0.0,0.002699894341785254,0.005620589946760576,0.005636415097437508,0.0,0.019159255793586617,0.019343972124803877
2022-01-13,472.19000244140625,464.5299987792969,91173100,-0.013778587715492119,0.02036941651923918,471.42333221435547,469.73619152250745,0,1.0,1,1.0,-0.013874393518961387,-0.008253803572200812,-0.008219834457875663,-0.023571341244053415,-0.004412085450466799,-0.00440236650032233
2022-01-14,461.19000244140625,464.7200012207031,95890900,0.0004090208208415991,0.011285067428320916,470.35999806722003,469.45619128999255,0,1.0,1,1.0,0.0004089371946281227,-0.007844866377572689,-0.007814175720471161,-0.003149019831682966,-0.007561105282149765,-0.007532592034752428
2022-01-18,459.739990234375,456.489990234375,109709100,-0.017709612163689825,0.010212808682914964,468.7208302815755,468.9819045293899,0,0.0,1,1.0,-0.017868303713834164,-0.025713170091406855,-0.025385401862772605,-0.003508093763307765,-0.01106919904545753,-0.01100816088381562
2022-01-19,458.1300048828125,451.75,109357600,-0.010383557878106742,0.01805252746808539,466.78666432698566,468.5952380952381,0,0.0,1,0.0,-0.01043784312485474,-0.036151013216261595,-0.035505368951378236,-0.0,-0.01106919904545753,-0.01100816088381562
2022-01-20,453.75,446.75,122379700,-0.011068068622025473,0.03203597353065235,464.2066650390625,468.20333281017486,0,0.0,1,0.0,-0.011129775432800469,-0.047280788649062065,-0.04618046171339951,-0.0,-0.01106919904545753,-0.01100816088381562
2022-01-21,445.55999755859375,437.9800109863281,202271200,-0.01963064132886827,0.023084792943865118,460.90916697184247,467.00904773530505,0,0.0,1,0.0,-0.019825881722007412,-0.06710667037106947,-0.06490455096197045,-0.0,-0.01106919904545753,-0.01100816088381562
2022-01-24,432.0299987792969,439.8399963378906,251783900,0.004246735706896265,0.046629895098910135,458.5308329264323,465.68285696847096,1,0.0,0,0.0,0.004237743773401898,-0.06286892659766757,-0.06093344772918452,0.0,-0.01106919904545753,-0.01100816088381562
2022-01-25,433.05999755859375,434.4700012207031,167997300,-0.012208974085799573,0.029427619112327497,455.74166615804035,463.9623805454799,1,0.0,0,0.0,-0.012284115838726838,-0.07515304243639441,-0.07239848693070006,0.0,-0.01106919904545753,-0.01100816088381562
2022-01-26,440.7200012207031,433.3800048828125,186391100,-0.0025087953939929575,0.03539622187161018,453.0158335367839,461.8728565034412,3,0.0,1,0.0,-0.0025119476945792865,-0.0776649901309737,-0.07472564933414916,-0.0,-0.01106919904545753,-0.01100816088381562
2022-01-27,438.260009765625,431.239990234375,149878300,-0.004937963506221665,0.02826867804350397,450.1599985758464,459.6999991280692,3,0.0,1,0.0,-0.004950195532161598,-0.08261518566313529,-0.07929462031098011,-0.0,-0.01106919904545753,-0.01100816088381562
2022-01-28,432.67999267578125,441.95001220703125,164457400,0.024835410015744186,0.033144762827875596,447.8433329264323,458.0080944242932,3,0.0,1,0.0,0.02453202410233454,-0.05808316156080075,-0.05642852470270188,0.0,-0.01106919904545753,-0.01100816088381562
2022-01-31,441.239990234375,449.9100036621094,152251400,0.018011067394991365,0.023805737202025057,446.08416748046875,456.7580944242932,3,0.0,1,0.0,0.01785078977354817,-0.04023237178725258,-0.03943379526913082,0.0,-0.01106919904545753,-0.01100816088381562
2022-02-01,450.67999267578125,452.95001220703125,123155400,0.006756925874457753,0.014968457521954193,445.1191685994466,455.71000017438615,3,0.0,1,0.0,0.006734200164012837,-0.033498171623239745,-0.032943320626255046,0.0,-0.01106919904545753,-0.01100816088381562
2022-02-02,455.5,457.3500061035156,117361000,0.00971408274181318,0.01119083425852696,444.50500233968097,454.74047706240697,3,0.0,1,0.0,0.009667204382406813,-0.02383096724083293,-0.023549252026795475,-0.0,-0.01106919904545753,-0.01100816088381562
2022-02-03,450.95001220703125,446.6000061035156,118024400,-0.02350497399483331,0.01628864038233413,443.6808369954427,453.26666841052827,3,0.0,1,0.0,-0.023785622375082246,-0.04761658961591518,-0.04650070146514118,-0.0,-0.01106919904545753,-0.01100816088381562
2022-02-04,446.3500061035156,448.70001220703125,118454400,0.004702207959730531,0.02016540674989753,443.4266713460286,452.32952590215774,3,0.0,1,0.0,0.004691187114582218,-0.04292540250133296,-0.04201714947397306,0.0,-0.01106919904545753,-0.01100816088381562
2022-02-07,449.510009765625,447.260009765625,84472900,-0.0032092765817484104,0.011528505238297626,443.46917215983075,451.3447643461682,3,0.0,1,0.0,-0.0032144373543599647,-0.04613983985569293,-0.04509158140188285,-0.0,-0.01106919904545753,-0.01100816088381562
2022-02-08,446.7300109863281,450.94000244140625,81012000,0.00822785984758534,0.015048767325504642,444.5491714477539,450.62333606538317,3,0.0,1,0.0,0.00819419553949726,-0.03794564431619567,-0.03723472876637812,0.0,-0.01106919904545753,-0.01100816088381562
2022-02-09,455.2200012207031,457.5400085449219,92589900,0.014636106949445393,0.00630754281354351,446.02417246500653,450.2438121977307,3,0.0,1,0.0,0.014530032891025087,-0.023415611425170582,-0.023143593289391085,-0.0,-0.01106919904545753,-0.01100816088381562
2022-02-10,451.3399963378906,449.32000732421875,140103700,-0.017965644680657644,0.023501741863059866,447.2616729736328,449.2709554036458,3,0.0,1,0.0,-0.018128986189386964,-0.041544597614557546,-0.040693448396377896,-0.0,-0.01106919904545753,-0.01100816088381562
2022-02-11,449.4100036621094,440.4599914550781,153214600,-0.019718721011119933,0.028864953842632657,447.85167185465497,447.8157174246652,3,1.0,1,0.0,-0.019915729123292567,-0.06146032673785011,-0.059609746651589246,-0.0,-0.01106919904545753,-0.01100816088381562
2022-02-14,439.9200134277344,439.0199890136719,123006300,-0.003269314964678527,0.014379587950302364,448.500005086263,446.6009550548735,3,1.0,1,1.0,-0.003274670851420668,-0.06473499758927077,-0.06268417857949904,0.008623371387739763,-0.0024458276577177668,-0.0024428390582816872
2022-02-15,443.7300109863281,446.1000061035156,88482700,0.01612686726577106,0.006994914379592654,448.84583791097003,445.71428862072173,2,1.0,0,1.0,0.015998210716834927,-0.04873678687243585,-0.04756821074134343,0.0004505817362762439,-0.001995245921441523,-0.0019932567414856495
2022-02-16,443.92999267578125,446.6000061035156,84863600,0.0011208249118113134,0.01384802254464157,448.5700047810872,445.2433369954427,3,1.0,1,0.0,0.0011201972565205234,-0.047616589615915327,-0.04650070146514129,-0.0,-0.001995245921441523,-0.0019932567414856495
2022-02-17,443.2200012207031,437.05999755859375,102259100,-0.02136141606480546,0.023257397883209352,447.24583689371747,444.54381306966144,3,1.0,1,1.0,-0.02159287321665315,-0.06920946283256847,-0.06686879669864454,-0.013378235371108688,-0.015373481292550211,-0.015255912580216524
2022-02-18,437.3299865722656,434.2300109863281,132642900,-0.006475052825868022,0.015839924556239948,445.31917063395184,443.9476231166295,3,1.0,1,1.0,-0.006496106913848236,-0.0757055697464167,-0.07291087053348666,-0.012517068043854204,-0.027890549336404415,-0.02750519882218372
2022-02-22,431.8900146484375,429.57000732421875,124391800,-0.010731648076383382,0.02263658239803701,443.90000406901044,443.5471467517671,3,1.0,1,1.0,-0.010789647538041604,-0.0864952172844583,-0.08286006480636188,0.0017812485129885395,-0.026109300823415876,-0.02577140019901003
2022-02-23,432.6600036621094,421.95001220703125,132578000,-0.01773865723226875,0.028266295216768933,441.67083740234375,442.6952427455357,3,0.0,1,1.0,-0.017897872870124194,-0.1043930901545825,-0.09912889575078698,-0.05131036023754757,-0.07741966106096344,-0.07449862479147462
2022-02-24,411.0199890136719,428.29998779296875,213942900,0.01504911814725074,0.044126228498946096,440.09083557128906,442.4014325823103,3,0.0,1,0.0,0.014937003586184076,-0.08945608656839842,-0.08557158006749632,0.0,-0.07741966106096344,-0.07449862479147462
2022-02-25,429.6099853515625,437.75,121804500,0.0220640029800776,0.02332541328474025,438.9916687011719,442.6095275878906,3,0.0,1,0.0,0.02182411504576,-0.06763197152263842,-0.0653956286850379,0.0,-0.07741966106096344,-0.07449862479147462
2022-02-28,432.0299987792969,436.6300048828125,145615000,-0.0025585268239577408,0.017413512392460362,437.2491683959961,442.8661949521019,3,0.0,1,0.0,-0.002561805447203176,-0.0701937769698416,-0.06778683903883542,0.0,-0.07741966106096344,-0.07449862479147462
2022-03-01,435.0400085449219,429.9800109863281,137785900,-0.015230272363598085,0.023553717827250686,435.6375020345052,442.2961948939732,3,0.0,1,0.0,-0.015347444189967911,-0.0855412211598095,-0.08198469938120467,-0.0,-0.07741966106096344,-0.07449862479147462
2022-03-02,432.3699951171875,437.8900146484375,117726500,0.018396212521518462,0.01888452338709823,435.42333730061847,441.7238144647507,3,0.0,1,0.0,0.018229049206145667,-0.06731217195366383,-0.06509669481301561,0.0,-0.07741966106096344,-0.07449862479147462
2022-03-03,440.4700012207031,435.7099914550781,105501700,-0.004978472037343917,0.016851078294825683,435.14750417073566,440.9028610956101,3,0.0,1,0.0,-0.004990905914229309,-0.07230307786789314,-0.0697510847755094,-0.0,-0.07741966106096344,-0.07449862479147462
2022-03-04,431.75,432.1700134277344,113978200,-0.008124619808514866,0.012830677226617793,433.9866714477539,439.7038138253348,3,0.0,1,0.0,-0.00815780439569187,-0.08046088226358501,-0.07730900353899184,-0.0,-0.07741966106096344,-0.07449862479147462
2022-03-07,431.54998779296875,419.42999267578125,137896600,-0.029479187255280204,0.030856550203659072,431.7225036621094,438.4100036621094,3,0.0,1,0.0,-0.029922431219487004,-0.11038331348307201,-0.10450918420242694,-0.0,-0.07741966106096344,-0.07449862479147462
2022-03-08,419.6199951171875,416.25,164772700,-0.007581700715998618,0.029124100212223336,429.98833719889325,436.8647649855841,3,0.0,1,0.0,-0.007610587910874293,-0.1179939013939463,-0.11129852756172964,0.0,-0.07741966106096344,-0.07449862479147462
2022-03-09,425.1400146484375,427.4100036621094,116990800,0.026810819608671155,0.01582234124573101,429.4200032552083,435.9195265997024,3,0.0,1,0.0,0.026457707170737758,-0.09153619422320855,-0.08747171269822673,-0.0,-0.07741966106096344,-0.07449862479147462
2022-03-10,422.5199890136719,425.4800109863281,93972700,-0.004515553354495161,0.01424695604507753,429.0791702270508,434.70714605422245,3,0.0,1,0.0,-0.004525779260906256,-0.09606197348411481,-0.09159228286702392,0.0,-0.07741966106096344,-0.07449862479147462
2022-03-11,428.1199951171875,420.07000732421875,95636300,-0.012715059514942118,0.022024623414917954,428.9225031534831,432.922860281808,3,0.0,1,0.0,-0.012796587712040324,-0.10885856119615514,-0.1031427410542024,-0.0,-0.07741966106096344,-0.07449862479147462
2022-03-14,420.8900146484375,417.0,95729200,-0.007308323066848366,0.021068277418937686,427.98083750406903,431.3838123139881,2,0.0,0,0.0,-0.007335159693643303,-0.11619372088979844,-0.10969726364742638,-0.0,-0.07741966106096344,-0.07449862479147462
2022-03-15,419.7699890136719,426.1700134277344,106219100,0.02199043987466287,0.020123279575417596,427.0158386230469,430.70333716982884,0,0.0,1,0.0,0.021752137407685203,-0.09444158348211323,-0.09011911485341728,0.0,-0.07741966106096344,-0.07449862479147462
2022-03-16,429.8900146484375,435.6199951171875,144954800,0.02217420604853415,0.025612064961063608,426.9316711425781,430.5414326985677,1,0.0,0,0.0,0.021931933271714867,-0.07250965021039837,-0.06994322862655433,0.0,-0.07741966106096344,-0.07449862479147462
2022-03-17,433.5899963378906,441.07000732421875,102676900,0.01251093216133281,0.018190643455300748,427.85583750406903,430.3019089471726,0,0.0,1,0.0,0.012433317136645933,-0.060076333073752444,-0.05830735145371291,0.0,-0.07741966106096344,-0.07449862479147462
2022-03-18,438.0,444.5199890136719,106345500,0.00782184603841607,0.017474004184458103,428.40833536783856,430.20286051432294,1,0.0,0,0.0,0.0077914139875613605,-0.05228491908619108,-0.050941576541275624,0.0,-0.07741966106096344,-0.07449862479147462
2022-03-21,444.3399963378906,444.3900146484375,88349800,-0.0002923926222593298,0.013116090758287235,429.13167063395184,430.5519089471726,0,0.0,1,0.0,-0.0002924353773164843,-0.052577354463507565,-0.05121907422238803,0.0,-0.07741966106096344,-0.07449862479147462
2022-03-22,445.8599853515625,449.5899963378906,74650400,0.011701391836103525,0.010586285775300963,430.58333587646484,431.28333682105654,1,0.0,0,0.0,0.011633459968707478,-0.040943894494800084,-0.04011701684324309,0.0,-0.07741966106096344,-0.07449862479147462
2022-03-23,446.9100036621094,443.79998779296875,79426100,-0.012878419431224142,0.010772799511729714,432.61416880289715,431.96095493861606,1,1.0,0,0.0,-0.012962065201010127,-0.05390595969581021,-0.052478792505230576,-0.0,-0.07741966106096344,-0.07449862479147462
2022-03-24,445.94000244140625,450.489990234375,64736900,0.015074363734608909,0.012905814615391753,435.4675013224284,433.32000151134673,1,1.0,0,0.0,0.014961874573180461,-0.03894408512262975,-0.03819551317719849,0.0,-0.07741966106096344,-0.07449862479147462
2022-03-25,451.1600036621094,452.69000244140625,77101300,0.004883598425542424,0.010146552159450595,437.5741678873698,434.48143078031995,0,1.0,1,0.0,0.004871712340952904,-0.034072372781676845,-0.033498446299671025,0.0,-0.07741966106096344,-0.07449862479147462
2022-03-28,452.05999755859375,455.9100036621094,68529800,0.007113038068738753,0.012998280529817663,440.11000061035156,435.34619285946803,1,1.0,0,1.0,0.007087859739227372,-0.026984513042449473,-0.02662368395470549,0.01745503393175605,-0.059964627129207394,-0.05820215291139408
2022-03-29,460.0199890136719,461.54998779296875,86581500,0.012370827763277914,0.010696038161725374,443.56666564941406,436.5328587123326,0,1.0,1,0.0,0.012294934342103209,-0.014689578700346264,-0.01458221320005515,0.0,-0.059964627129207394,-0.05820215291139408
2022-03-30,460.3399963378906,458.70001220703125,79666900,-0.006174792896356585,0.01036215079562508,447.0416666666667,437.90047781808033,0,1.0,1,1.0,-0.006193935772894751,-0.020883514473241015,-0.02066696394993084,-0.00533632635400923,-0.06530095348321663,-0.06321450790746053
2022-03-31,457.8900146484375,451.6400146484375,121699900,-0.015391317572948426,0.01684547841525319,449.1641667683919,438.55523972284226,1,1.0,0,1.0,-0.015510993469158118,-0.03639450794239913,-0.035740189717457294,-0.010052799822946937,-0.07535375330616356,-0.07258464795429187
2022-04-01,453.30999755859375,452.9200134277344,89048800,0.0028341128726010467,0.009618329843138262,450.6058349609375,439.374764578683,1,1.0,0,0.0,0.0028301043466709796,-0.033564403595728154,-0.03300736857660369,-0.0,-0.07535375330616356,-0.07258464795429187
2022-04-04,453.1300048828125,456.79998779296875,59601000,0.008566577431344813,0.010281682651743118,451.9166666666667,440.54762050083707,1,1.0,0,0.0,0.008530092526005388,-0.025034311069722766,-0.0247235513239753,0.0,-0.07535375330616356,-0.07258464795429187
2022-04-05,455.2200012207031,451.0299987792969,74214500,-0.01263132479829876,0.017807076425290003,452.45916748046875,442.05238269624255,1,1.0,0,0.0,-0.012711778187951285,-0.03774608925767405,-0.03704258491533352,-0.0,-0.07535375330616356,-0.07258464795429187
2022-04-06,446.8900146484375,446.5199890136719,106898000,-0.00999935653466788,0.012311974744737775,452.6366653442383,443.49381074451264,1,1.0,0,0.0,-0.010049685888730729,-0.04779577514640478,-0.04667153943646718,-0.0,-0.07535375330616356,-0.07258464795429187
2022-04-07,445.5899963378906,448.7699890136719,78097200,0.005038968143330047,0.01614322296533599,452.5683314005534,444.51095290411087,0,1.0,1,0.0,0.005026315031306617,-0.04276946011509816,-0.04186774769355772,0.0,-0.07535375330616356,-0.07258464795429187
2022-04-08,447.9700012207031,447.57000732421875,79272700,-0.002673934796955768,0.010517115342265182,452.8824996948242,445.5628574916295,1,1.0,0,1.0,-0.0026775161462258518,-0.04544697626132401,-0.04442973086308555,-0.008654022100267347,-0.08400777540643091,-0.08057589282878386
2022-04-11,444.1099853515625,439.9200134277344,89770500,-0.017092284494708676,0.012767666912164799,452.0016682942708,446.50809587751115,0,1.0,1,0.0,-0.01724004370458936,-0.06268701996591337,-0.060762609757858965,-0.0,-0.08400777540643091,-0.08057589282878386
2022-04-12,443.0799865722656,438.2900085449219,84363600,-0.003705230116974989,0.020840504364401546,450.80166880289715,447.52190580822173,0,1.0,1,1.0,-0.0037121114853793627,-0.06639913145129274,-0.06424270042317315,-0.011462911948511843,-0.09547068735494275,-0.09105499515451831
2022-04-13,438.0299987792969,443.30999755859375,74070400,0.01145357848867623,0.01432027468050956,449.7516682942708,448.33809552873885,1,1.0,0,1.0,0.011388482839123713,-0.055010648612169026,-0.053524930746118304,0.012523109050609126,-0.08294757830433364,-0.0796006051475292
2022-04-14,443.54998779296875,437.7900085449219,97869500,-0.01245175846263713,0.016107700668349434,447.7716700236003,448.4414295014881,1,0.0,0,0.0,-0.012529931210354926,-0.06754057982252396,-0.06531020969937529,-0.0,-0.08294757830433364,-0.0796006051475292
2022-04-18,436.80999755859375,437.9700012207031,66002500,0.0004111392957082405,0.009503947998566353,446.04416910807294,448.29381016322543,1,0.0,0,0.0,0.0004110548011065768,-0.06712952502141738,-0.06492592199728542,0.0,-0.08294757830433364,-0.0796006051475292
2022-04-19,437.8599853515625,445.0400085449219,77821000,0.01614267485104759,0.01855235618047213,445.4941685994466,448.3185729980469,1,0.0,0,0.0,0.016013767300200717,-0.05111575772121666,-0.04983132519444455,0.0,-0.08294757830433364,-0.0796006051475292
2022-04-20,446.9200134277344,444.7099914550781,65224400,-0.0007415447679024467,0.009222504366756423,444.8100001017253,448.3338099888393,0,0.0,1,0.0,-0.0007418198482218364,-0.0518575775694385,-0.050535917803871344,0.0,-0.08294757830433364,-0.0796006051475292
2022-04-21,448.5400085449219,438.05999755859375,85417300,-0.014953551807383003,0.029535583348978545,443.24833424886066,447.7847624279204,1,0.0,0,0.0,-0.015066483396335524,-0.06692406096577402,-0.0647337781462406,-0.0,-0.08294757830433364,-0.0796006051475292
2022-04-22,436.9100036621094,426.0400085449219,132471800,-0.027439138658316153,0.029710379979137613,441.1658350626628,446.9390491303943,1,0.0,0,0.0,-0.02782262309124242,-0.09474668405701644,-0.09039667769012538,-0.0,-0.08294757830433364,-0.0796006051475292
2022-04-25,423.6700134277344,428.510009765625,119647700,0.005797580441186945,0.023517348366055568,439.6650034586589,445.8923833937872,0,0.0,1,0.0,0.0057808391465373225,-0.08896584491047912,-0.085123179259463,0.0,-0.08294757830433364,-0.0796006051475292
2022-04-26,425.8299865722656,416.1000061035156,103996300,-0.028960825603343676,0.023962316545768525,436.9425048828125,444.1500026157924,1,0.0,0,0.0,-0.02938846712083878,-0.11835431203131791,-0.1116187673134712,-0.0,-0.08294757830433364,-0.0796006051475292
2022-04-27,417.239990234375,417.2699890136719,122030000,0.002811782968023202,0.019059790067657678,434.4175033569336,442.3100019182478,0,0.0,1,0.0,0.0028078373008030367,-0.11554647473051487,-0.10912083209429169,0.0,-0.08294757830433364,-0.0796006051475292
2022-04-28,422.2900085449219,427.80999755859375,105449100,0.02525944549675363,0.028831437665107096,433.40833536783856,440.70333571661087,0,0.0,1,0.0,0.024945698119335478,-0.09060077661117939,-0.08661771830838427,0.0,-0.08294757830433364,-0.0796006051475292
2022-04-29,423.5899963378906,412.0,145491100,-0.03695565238965315,0.035650893623072166,431.2175013224284,438.47952561151413,0,0.0,1,0.0,-0.037655816727894316,-0.12825659333907372,-0.12037235640944788,-0.0,-0.08294757830433364,-0.0796006051475292
2022-05-02,412.07000732421875,414.4800109863281,158312500,0.0060194441415730715,0.026912312255518156,428.81500244140625,436.7100016276042,1,0.0,0,0.0,0.006001399663298588,-0.12225519367577513,-0.11507748694347097,0.0,-0.08294757830433364,-0.0796006051475292
2022-05-03,415.010009765625,416.3800048828125,100028200,0.00458404228460374,0.01347495529709164,427.0308354695638,434.9700012207031,1,0.0,0,0.0,0.004573567561620413,-0.11768162611415471,-0.1110209647250221,0.0,-0.08294757830433364,-0.0796006051475292
2022-05-04,417.0799865722656,429.05999755859375,144247900,0.030452933683378758,0.03855360647910078,426.288335164388,433.64904930478053,0,0.0,1,0.0,0.029998447023786144,-0.08768317909036857,-0.08394894511787909,0.0,-0.08294757830433364,-0.0796006051475292
2022-05-05,424.54998779296875,413.80999755859375,172929100,-0.03554281472701826,0.038003120031781634,423.68583424886066,431.8766682942708,0,0.0,1,0.0,-0.03618983821471714,-0.12387301730508571,-0.11650797804204394,-0.0,-0.08294757830433364,-0.0796006051475292
2022-05-06,411.1000061035156,411.3399963378906,151770800,-0.0059689259207744705,0.02235471017929269,420.9050013224284,430.20143054780505,0,0.0,1,0.0,-0.005986811165077935,-0.12985982847016364,-0.12178147647270632,-0.0,-0.08294757830433364,-0.0796006051475292
2022-05-09,405.1000061035156,398.1700134277344,155586100,-0.03201726802014637,0.024993704065849665,417.5808359781901,427.7919079008557,1,0.0,0,0.0,-0.03254103072846203,-0.16240085919862568,-0.14989963432073683,-0.0,-0.08294757830433364,-0.0796006051475292
2022-05-10,404.489990234375,399.0899963378906,132497200,0.0023105278627999493,0.028519272172548238,415.3350016276042,425.4833359491257,1,0.0,0,0.0,0.0023078626978000794,-0.1600929965008256,-0.14793545373965844,-0.0,-0.08294757830433364,-0.0796006051475292
2022-05-11,398.07000732421875,392.75,142361000,-0.015886131940332726,0.030819515647499962,412.35500081380206,423.2371448335193,0,0.0,1,0.0,-0.01601366905204431,-0.1761066655528699,-0.16147146354323005,-0.0,-0.08294757830433364,-0.0796006051475292
2022-05-12,389.3699951171875,392.3399963378906,125090800,-0.0010439303936584654,0.027651548916671542,410.375,421.0490490141369,1,0.0,0,0.0,-0.0010444756685108931,-0.17715114122138081,-0.16234682896838715,0.0,-0.08294757830433364,-0.0796006051475292
2022-05-13,396.7099914550781,401.7200012207031,104174400,0.02390784770955201,0.019135025920772986,409.07916768391925,419.0685729980469,1,0.0,0,0.0,0.02362653009661004,-0.15352461112477078,-0.1423203445219401,0.0,-0.08294757830433364,-0.0796006051475292
2022-05-16,399.9800109863281,400.0899963378906,78622400,-0.004057564666582247,0.016021114233909506,406.76916758219403,417.2733343215216,3,0.0,1,0.0,-0.004065818917765487,-0.15759043004253626,-0.14580043518725427,0.0,-0.08294757830433364,-0.0796006051475292
2022-05-17,406.5299987792969,408.32000732421875,83029700,0.020570399314302268,0.014879082298538071,406.4625015258789,415.86142985026044,3,0.0,1,0.0,0.020361686007753992,-0.13722874403478227,-0.12822920904495294,-0.0,-0.08294757830433364,-0.0796006051475292
2022-05-18,403.5,391.8599853515625,117674500,-0.04031157346543268,0.03392651495107413,404.57749938964844,413.3290477934338,3,0.0,1,0.0,-0.04114660289301177,-0.17837534692779405,-0.1633716613295556,-0.0,-0.08294757830433364,-0.0796006051475292
2022-05-19,388.6199951171875,389.4599914550781,98510700,-0.006124621002910446,0.018160289227596493,402.3341649373372,410.6980954124814,2,0.0,0,0.0,-0.0061434534278095535,-0.1845188003556036,-0.16849569282420673,0.0,-0.08294757830433364,-0.0796006051475292
2022-05-20,393.25,389.6300048828125,131432200,0.0004365363104414932,0.04333313150811158,399.04833221435547,408.3919052850632,1,0.0,0,0.0,0.00043644105618661204,-0.184082359299417,-0.16813271100183602,-0.0,-0.08294757830433364,-0.0796006051475292
2022-05-23,392.8299865722656,396.9200134277344,76414900,0.01871007995678986,0.01882782420099116,397.6408335367839,407.00523885091144,0,0.0,1,0.0,0.018537199486682282,-0.1655451598127347,-0.15256840751124234,-0.0,-0.08294757830433364,-0.0796006051475292
2022-05-24,392.55999755859375,393.8900146484375,91448800,-0.007633776773134482,0.021164985068894415,396.1866683959961,405.3566676548549,1,0.0,0,0.0,-0.007663063186207389,-0.1732082229989421,-0.15903751111880338,-0.0,-0.08294757830433364,-0.0796006051475292
2022-05-25,392.30999755859375,397.3699951171875,91472900,0.008834904007038569,0.019291120661433014,396.1200002034505,404.4647623697917,0,0.0,1,0.0,0.008796104601187101,-0.164412118397755,-0.15160768825601778,0.0,-0.08294757830433364,-0.0796006051475292
2022-05-26,398.6700134277344,405.30999755859375,82168300,0.01998138394687965,0.021558529488580724,396.6383336385091,403.8952389671689,0,0.0,1,0.0,0.01978437609715666,-0.14462774230059833,-0.1346556357374804,0.0,-0.08294757830433364,-0.0796006051475292
2022-05-27,407.9100036621094,415.260009765625,84768700,0.02454914082298898,0.01883736189804508,398.51416778564453,403.29762050083707,1,0.0,0,0.0,0.0242526532107174,-0.12037508908988093,-0.11341217507881995,0.0,-0.08294757830433364,-0.0796006051475292
2022-05-31,413.54998779296875,412.92999267578125,95937000,-0.005610983564631744,0.01568176156604162,400.23000081380206,403.34190586635043,0,0.0,1,0.0,-0.0056267842656148054,-0.12600187335549573,-0.1183868047930553,0.0,-0.08294757830433364,-0.0796006051475292
2022-06-01,415.1700134277344,409.5899963378906,86585800,-0.008088529283735268,0.02287862218603154,400.8858337402344,403.10904802594865,1,0.0,0,0.0,-0.008121418909250052,-0.13412329226474579,-0.12551775893941408,-0.0,-0.08294757830433364,-0.0796006051475292
2022-06-02,409.4200134277344,417.3900146484375,79609600,0.019043478552421167,0.0255502989341565,402.32750193277997,403.15714372907365,0,0.0,1,0.0,0.018864421193364102,-0.11525887107138169,-0.10886457513730363,0.0,-0.08294757830433364,-0.0796006051475292
2022-06-03,412.3999938964844,410.5400085449219,71874300,-0.016411523666384986,0.011061997683254443,402.5125020345052,402.2752394903274,0,1.0,1,0.0,-0.01654768451432691,-0.1318065555857086,-0.1234894652523918,0.0,-0.08294757830433364,-0.0796006051475292
2022-06-06,414.7799987792969,411.7900085449219,57508900,0.003044770239154948,0.014760681375661555,404.17333730061847,402.1790495372954,0,1.0,1,1.0,0.003040144313791592,-0.12876641127191701,-0.1208206920618865,-0.01623599887452386,-0.0991835771788575,-0.09442355040646755
2022-06-07,408.1000061035156,415.739990234375,59272400,0.009592223238758413,0.021123172097254894,406.36333719889325,402.3885730561756,0,1.0,1,1.0,0.009546509960919805,-0.1192199013109972,-0.11238740787324697,0.014184602341683597,-0.08499897483717389,-0.08148677397341064
2022-06-08,413.92999267578125,411.2200012207031,64350000,-0.010872153557139663,0.013256012419415208,408.1625035603841,403.010001046317,1,1.0,0,1.0,-0.010931687318656349,-0.13015158862965356,-0.12203766827409979,-0.011150762104447244,-0.09614973694162113,-0.09167200437073642
2022-06-09,409.3399963378906,401.44000244140625,86289800,-0.023782886898168987,0.02565760195876865,408.53916931152344,403.12190609886534,1,1.0,0,0.0,-0.02407026535921321,-0.15422185398886679,-0.14291814711038964,-0.0,-0.09614973694162113,-0.09167200437073642
2022-06-10,394.8800048828125,389.79998779296875,132893900,-0.028995652096570734,0.015471452929562313,408.1983337402344,402.9814293271019,0,1.0,1,0.0,-0.02942433294241372,-0.18364618693128051,-0.167769794335061,-0.0,-0.09614973694162113,-0.09167200437073642
2022-06-13,379.8500061035156,375.0,170004900,-0.03796815868765324,0.022796705180565535,406.33416748046875,402.1557152157738,1,1.0,0,1.0,-0.0387077297869094,-0.2223539167181899,-0.1993680428484057,-0.00792920753183697,-0.1040789444734581,-0.09884584652711959
2022-06-14,376.8500061035156,373.8699951171875,104011800,-0.003013346354166613,0.01983325555505333,403.71416727701825,400.8295244489397,0,1.0,1,0.0,-0.003017895623606632,-0.22537181234179654,-0.20178062423751775,0.0,-0.1040789444734581,-0.09884584652711959
2022-06-15,377.3599853515625,379.20001220703125,125666800,0.014256338190961504,0.03165645204200085,400.70916748046875,399.8347632998512,1,1.0,0,1.0,0.014155672225600201,-0.21121614011619633,-0.19040093886606957,-0.018319138875341364,-0.12239808334879947,-0.11520392419850933
2022-06-16,370.510009765625,366.6499938964844,134473300,-0.03309603878307621,0.01884205702633146,396.85250091552734,397.85047694614957,0,0.0,1,0.0,-0.03365610467930433,-0.24487224479550065,-0.21719546079210028,-0.0,-0.12239808334879947,-0.11520392419850933
2022-06-17,365.510009765625,365.8599853515625,111113900,-0.0021546667341413306,0.019907753783477533,393.2083333333333,396.61238170805433,0,0.0,1,0.0,-0.0021569913683171533,-0.2470292361638178,-0.21888214369206638,0.0,-0.12239808334879947,-0.11520392419850933
2022-06-21,371.8900146484375,375.07000732421875,76811900,0.025173624723693555,0.012694659239116612,389.6816660563151,395.92714436848956,0,0.0,1,0.0,0.02486198821984487,-0.22216724794397294,-0.19921857591239445,-0.0,-0.12239808334879947,-0.11520392419850933
2022-06-22,370.6199951171875,374.3900146484375,90059400,-0.0018129753446093355,0.023069881446568408,386.6691665649414,395.20143054780505,0,0.0,1,0.0,-0.0018146207734581258,-0.22398186871743106,-0.20067037289068645,0.0,-0.12239808334879947,-0.11520392419850933
2022-06-23,376.6400146484375,378.05999755859375,79292100,0.0098025662185528,0.01592955480298497,383.85833231608075,394.30333455403644,0,0.0,1,0.0,0.009754832753127888,-0.21422703596430318,-0.19283489129049625,0.0,-0.12239808334879947,-0.11520392419850933
2022-06-24,381.3999938964844,390.0799865722656,98050300,0.03179386629448655,0.022864937809340846,381.7199986775716,394.1219046456473,0,0.0,1,0.0,0.03129890514558157,-0.1829281308187216,-0.16717199174661157,0.0,-0.12239808334879947,-0.11520392419850933
2022-06-27,391.04998779296875,388.5899963378906,66009600,-0.0038197043828572808,0.010117651469788713,379.8341649373372,393.7038094656808,0,0.0,1,0.0,-0.0038270180837005926,-0.1867551489024222,-0.17035314853990335,-0.0,-0.12239808334879947,-0.11520392419850933
2022-06-28,390.2300109863281,380.6499938964844,86548900,-0.02043285343481205,0.03319056296041922,378.10166422526044,392.52952357700894,1,0.0,0,0.0,-0.02064449206841294,-0.20739964097083513,-0.18730520105844084,-0.0,-0.12239808334879947,-0.11520392419850933
2022-06-29,381.2300109863281,380.3399963378906,65676000,-0.000814390026440015,0.010173815996316726,377.3133316040039,390.86666579473587,1,0.0,0,0.0,-0.0008147218221505732,-0.2082143627929857,-0.18796705159723848,-0.0,-0.12239808334879947,-0.11520392419850933
2022-06-30,376.239990234375,377.25,112508300,-0.008124300277758567,0.02174148098721118,377.5008316040039,389.1676185244606,0,0.0,1,0.0,-0.00815748224765673,-0.2163718450406424,-0.19456425110549613,0.0,-0.12239808334879947,-0.11520392419850933
2022-07-01,376.55999755859375,381.239990234375,74839700,0.010576514869118592,0.021134362418540276,378.11499786376953,387.817618233817,1,0.0,0,0.0,0.010520974806040478,-0.20585087023460194,-0.18604554793119377,-0.0,-0.12239808334879947,-0.11520392419850933
2022-07-05,375.8800048828125,381.9599914550781,81438000,0.00188857737683934,0.024349737834440166,378.3449961344401,386.1304742722284,0,0.0,1,0.0,0.0018867962567546738,-0.20396407397784727,-0.18450833196723893,0.0,-0.12239808334879947,-0.11520392419850933
2022-07-06,382.1099853515625,383.25,70426200,0.0033773394433473936,0.01651735751543182,379.7283299763997,384.83095005580356,1,0.0,0,0.0,0.003371649041169943,-0.20059242493667734,-0.1817541397910707,0.0,-0.12239808334879947,-0.11520392419850933
2022-07-07,385.1199951171875,388.989990234375,64525900,0.014977143468688947,0.017115865438553035,381.6558303833008,383.74523489815846,0,0.0,1,0.0,0.014866093490139646,-0.1857263314465377,-0.16949915415006078,0.0,-0.12239808334879947,-0.11520392419850933
2022-07-08,387.2699890136719,388.6700134277344,72397800,-0.0008225836516971841,0.012912956850696045,382.78916422526044,382.45618838355654,0,1.0,1,0.0,-0.0008229221592758011,-0.18654925360581348,-0.1701823105685777,-0.0,-0.12239808334879947,-0.11520392419850933
2022-07-11,385.8500061035156,384.2300109863281,58366900,-0.0114235785834087,0.008787470970502032,383.60916392008465,381.1709507533482,0,1.0,1,1.0,-0.011489328872573118,-0.1980385824783866,-0.1796617981537001,-0.005718046007373902,-0.12811612935617336,-0.12024879172916947
2022-07-12,383.6499938964844,380.8299865722656,62219200,-0.008848929851508869,0.018918740896824993,383.8399963378906,380.1895214262463,0,1.0,1,1.0,-0.008888314142629599,-0.2069268966210162,-0.18692091335635097,-0.022537989355057683,-0.15065411871123105,-0.13985484467125464
2022-07-13,375.1000061035156,378.8299865722656,84224600,-0.005251687289652196,0.0193775948717827,382.9024963378906,379.6671404157366,0,1.0,1,1.0,-0.0052655258712118085,-0.21219242249222803,-0.19119095046115941,-0.003980239975617503,-0.15463435868684855,-0.14327162449070918
2022-07-14,373.6099853515625,377.9100036621094,89704800,-0.0024284849213771498,0.02158791252581893,382.0124969482422,379.8057120186942,0,1.0,1,1.0,-0.0024314384736241856,-0.2146238609658522,-0.19315513104223792,0.02364689838429785,-0.1309874603025507,-0.12277122549449948
2022-07-15,382.54998779296875,385.1300048828125,79060400,0.019105080973613298,0.012377125530342648,382.38583119710285,380.3419029599144,0,1.0,1,1.0,0.018924870585949317,-0.19569899037990288,-0.17774029448765538,0.015124922589504722,-0.11586253771304598,-0.10940236152831495
2022-07-18,388.3800048828125,381.95001220703125,63203600,-0.008256933075751594,0.022145727406822857,382.51999918619794,380.47285534086683,1,1.0,0,1.0,-0.008291210361567363,-0.20399020074147023,-0.18452963784695808,-0.0059396872606764205,-0.12180222497372241,-0.11467655394311949
2022-07-19,386.0799865722656,392.2699890136719,78506000,0.027019181769385003,0.019408859037443937,383.7716649373372,381.6928551083519,0,1.0,1,0.0,0.026660608249491968,-0.17732959249197827,-0.16249629590439885,0.0,-0.12180222497372241,-0.11467655394311949
2022-07-20,392.4700012207031,394.7699890136719,71843800,0.006373161521445958,0.013374961007224462,384.899164835612,383.06952194940476,0,1.0,1,1.0,0.0063529388038422304,-0.17097665368813605,-0.15715874952338826,0.004296823236034925,-0.11750540173768749,-0.11086429114439167
2022-07-21,394.1600036621094,398.7900085449219,64903900,0.010183194374258298,0.018410212101178436,386.3016662597656,384.1990458170573,0,1.0,1,1.0,0.01013169497427413,-0.16084495871386192,-0.148575933243142,0.012004001667256629,-0.10550140007043086,-0.10012678703997557
2022-07-22,398.9200134277344,395.0899963378906,72197300,-0.009278096561475047,0.01891786804781992,387.28833262125653,385.18475923084077,0,1.0,1,1.0,-0.00932140619483879,-0.1701663649087007,-0.15647552794927588,-0.007978230432763583,-0.11347963050319444,-0.1072776194683378
2022-07-25,395.75,395.57000732421875,53631500,0.0012149408761987779,0.008290760246354001,387.83666737874347,386.01856921968005,0,1.0,1,1.0,0.0012142034327721227,-0.1689521614759286,-0.15545069558810753,-0.004837972609646242,-0.11831760311284069,-0.11158615520064974
2022-07-26,393.8399963378906,390.8900146484375,52946400,-0.01183100990754693,0.010539774901662025,388.02166748046875,386.05714198521207,1,1.0,0,1.0,-0.011901553256690168,-0.18085371473261877,-0.16544256677601643,0.0013194344105286451,-0.11699816870231204,-0.11041317773978954
2022-07-27,394.3599853515625,401.0400085449219,82342100,0.025966367817333857,0.022408367880683677,389.42250061035156,386.6499997093564,0,1.0,1,0.0,0.025634966306172267,-0.1552187484264465,-0.14377214150023254,0.0,-0.11699816870231204,-0.11041317773978954
2022-07-28,401.8900146484375,406.07000732421875,73966600,0.012542386475471679,0.021725465349958784,391.52583567301434,387.8604765392485,0,1.0,1,1.0,0.012464382307969491,-0.14275436611847703,-0.13303300078786295,0.014058743703163049,-0.10293942499914899,-0.0978183785211626
2022-07-29,407.5799865722656,411.989990234375,87003700,0.014578724858715253,0.015389556591439257,394.28916931152344,389.3676191057478,0,1.0,1,1.0,0.014473476936627391,-0.12828088918184963,-0.12039372744476318,0.003844622569603107,-0.09909480242954588,-0.09434315451566266
2022-08-01,409.1499938964844,410.7699890136719,69997500,-0.002961239956361772,0.0122674090119963,397.0275014241536,390.96380905877976,0,1.0,1,1.0,-0.002965633102317808,-0.13124652228416744,-0.12299845268492016,-7.332244787923478e-05,-0.09916812487742512,-0.09440955705808385
2022-08-02,409.1199951171875,408.05999755859375,63435400,-0.006597345296781021,0.015190975282727504,398.93833414713544,392.24095226469495,0,1.0,1,1.0,-0.006619203971790231,-0.13786572625595767,-0.12878433471836903,0.0028800700887011317,-0.09628805478872399,-0.09179763365496874
2022-08-03,410.29998779296875,414.45001220703125,67820600,0.015659497835290637,0.01385364067263728,401.64666748046875,393.78809611002606,0,1.0,1,1.0,0.015538153058459486,-0.12232757319749818,-0.11514153489382006,0.00987071302195595,-0.08641734176676803,-0.08278863927800029
2022-08-04,414.3699951171875,414.1700134277344,45656600,-0.0006755911956808358,0.006425162158854469,403.47166951497394,395.26047770182294,0,1.0,1,1.0,-0.0006758195102500098,-0.12300339270774818,-0.11573933748226939,-0.01143172640672164,-0.09784906817348968,-0.09321424374359266
2022-08-05,409.6600036621094,413.4700012207031,56814900,-0.00169015666112049,0.01110836846965002,405.0300038655599,396.42619251069567,0,1.0,1,1.0,-0.001691586587316715,-0.1246949792950649,-0.11723387653119055,0.013553192181507379,-0.0842958759919823,-0.08084074129909835
2022-08-08,415.25,412.989990234375,53886100,-0.0011609330420851993,0.014059220391193783,406.21333567301434,397.58428664434524,0,1.0,1,1.0,-0.0011616074468590203,-0.12585658674192393,-0.11825870889235901,-0.007323558116962543,-0.09161943410894484,-0.08754766828728167
2022-08-09,412.2200012207031,411.3500061035156,44931800,-0.003971002129927292,0.0061674193646537034,407.5683364868164,398.87571498325894,0,1.0,1,1.0,-0.003978907493970385,-0.12983549423589433,-0.12176010543739224,0.01578852907282555,-0.07583090503611929,-0.07302706023662131
2022-08-10,418.7799987792969,419.989990234375,68665700,0.021003972292843898,0.008206981708859917,409.6033350626628,400.74047706240697,3,1.0,1,1.0,0.020786429765404738,-0.10904906447048959,-0.10331357902552907,0.010002795568497196,-0.0658281094676221,-0.06370820984532277
2022-08-11,422.989990234375,419.989990234375,59489700,0.0,0.013692471241034898,412.02833302815753,402.7004772367932,3,1.0,1,1.0,0.0,-0.10904906447048959,-0.10331357902552907,-0.0022721163535929624,-0.06810022582121507,-0.06583315875371254
2022-08-12,422.0299987792969,427.1000061035156,61694500,0.016929012677594724,0.014678271604634086,414.1999994913737,405.04285830543154,3,1.0,1,1.0,0.01678731391991028,-0.09226175055057931,-0.08813356323702526,0.006471421436636207,-0.061628804384578864,-0.05976816804287366
2022-08-15,424.7699890136719,428.8599853515625,54048300,0.004120766150540245,0.011066403667426616,416.09916432698566,407.125238327753,0,1.0,1,1.0,0.0041122990463738915,-0.08814945150420542,-0.08437597489059867,0.006944360980704275,-0.054684443403874586,-0.053216135286401456
2022-08-16,427.7300109863281,429.70001220703125,59289000,0.0019587438421893033,0.01136152091463516,417.5749994913737,409.3990478515625,1,1.0,0,1.0,0.0019568280048181492,-0.08619262349938726,-0.082582501969655,-0.004264116139602526,-0.05894855954347711,-0.05724473632904836
2022-08-17,425.9100036621094,426.6499938964844,63563400,-0.0070980177423810575,0.011683213254925384,418.8983332316081,411.03619094122024,1,1.0,0,0.0,-0.007123328512293311,-0.09331595201168058,-0.0890943476478453,0.0,-0.05894855954347711,-0.05724473632904836
2022-08-18,426.8599853515625,427.8900146484375,49023200,0.002906412210693654,0.007309013752203386,420.5508346557617,412.6133350190662,0,1.0,1,0.0,0.0029021967606395493,-0.09041375525104103,-0.08644688033705905,-0.0,-0.05894855954347711,-0.05724473632904836
2022-08-19,424.9800109863281,422.1400146484375,68016900,-0.013438032679318979,0.009591207761297849,421.1916681925456,413.72524007161456,0,1.0,1,1.0,-0.01352914016466342,-0.10394289541570445,-0.09872323701338348,-0.01883604542731258,-0.07778460497078969,-0.0748363192583753
2022-08-22,417.04998779296875,413.3500061035156,77695600,-0.020822495475209313,0.011711971778195718,421.12333424886066,414.5947643461682,1,1.0,0,1.0,-0.02104234080823713,-0.12498523622394159,-0.11749006833258357,-0.01000067130769664,-0.08778527627848633,-0.08404246658053449
2022-08-23,412.8999938964844,412.3500061035156,49105200,-0.0024192572522898637,0.008864231273399747,421.0300013224284,415.39381190708707,1,1.0,0,0.0,-0.0024221883835108577,-0.12740742460745244,-0.11962508688498785,-0.0,-0.08778527627848633,-0.08404246658053449
2022-08-24,412.1099853515625,413.6700134277344,49177800,0.003201181774415529,0.009042442866057376,421.086669921875,416.47857375372024,1,1.0,0,0.0,0.0031960689006255184,-0.12421135570682693,-0.11680684675847142,0.0,-0.08778527627848633,-0.08404246658053449
2022-08-25,415.239990234375,419.510009765625,50942300,0.014117523988503633,0.013209691779754396,421.7666702270508,417.3580976213728,1,1.0,0,0.0,0.014018799822279613,-0.11019255588454731,-0.10433834623110194,0.0,-0.08778527627848633,-0.08404246658053449
2022-08-26,419.3900146484375,405.30999755859375,103087000,-0.033849042636585946,0.036298560037206995,420.54333750406903,417.32190668015255,0,1.0,1,0.0,-0.03443518641605107,-0.14462774230059838,-0.13465563573748052,-0.0,-0.08778527627848633,-0.08404246658053449
2022-08-29,402.20001220703125,402.6300048828125,65370800,-0.006612204712255654,0.011565264181659707,419.09667205810547,416.8761930919829,1,1.0,0,1.0,-0.006634162182883885,-0.15126190448348226,-0.14037746982058097,0.004094029312427754,-0.08369124696605858,-0.08028482288657302
2022-08-30,403.8500061035156,398.2099914550781,85652400,-0.010977854044983193,0.020454560867463778,416.68917083740234,416.2780979701451,1,1.0,0,0.0,-0.011038555340141412,-0.16230045982362368,-0.1498142804906698,-0.0,-0.08369124696605858,-0.08028482288657302
2022-08-31,399.92999267578125,395.17999267578125,76029700,-0.00760904759879355,0.015694566513123398,413.8825047810872,415.6647644042969,0,0.0,1,0.0,-0.007638144093185962,-0.16993860391680965,-0.15628338409823084,-0.0,-0.08369124696605858,-0.08028482288657302
2022-09-01,392.8900146484375,396.4200134277344,78740100,0.0031378631887633013,0.017280253529680545,411.1091715494792,414.8061930338542,1,0.0,0,0.0,0.003132950370552341,-0.16680565354625732,-0.1536359167874447,0.0,-0.08369124696605858,-0.08028482288657302
2022-09-02,400.2799987792969,392.239990234375,99632100,-0.010544430280438832,0.028770556638361144,408.2416712443034,413.7619062151228,1,0.0,0,0.0,-0.01060041669643158,-0.1774060702426889,-0.16256034385474705,-0.0,-0.08369124696605858,-0.08028482288657302
2022-09-06,393.1300048828125,390.760009765625,76637400,-0.003773150381391921,0.014674788868760613,405.14750417073566,412.68047805059524,0,0.0,1,0.0,-0.0037802866698074516,-0.18118635691249635,-0.1657201296127242,-0.0,-0.08369124696605858,-0.08028482288657302
2022-09-07,390.42999267578125,397.7799987792969,70964200,0.017964962734754897,0.02150175260990972,403.1175028483073,411.9561927432106,0,0.0,1,0.0,0.017805499790206458,-0.1633808571222899,-0.1507323228308607,0.0,-0.08369124696605858,-0.08028482288657302
2022-09-08,395.3900146484375,400.3800048828125,80821700,0.006536291697658347,0.017101365873027907,402.0366694132487,411.4338117327009,1,0.0,0,0.0,0.006515022772704955,-0.15686583434958493,-0.14518126156349043,0.0,-0.08369124696605858,-0.08028482288657302
2022-09-09,402.739990234375,406.6000061035156,76706900,0.01553524437995768,0.012547876603308472,401.55750274658203,410.7961934407552,0,0.0,1,0.0,0.015415807866336319,-0.14145002648324861,-0.13190144356131217,0.0,-0.08369124696605858,-0.08028482288657302
2022-09-12,408.7799987792969,410.9700012207031,69256300,0.010747651381183054,0.008005727855012301,401.3325017293294,410.3666701543899,1,0.0,0,0.0,0.01069030589635327,-0.13075972058689533,-0.12257142291220091,-0.0,-0.08369124696605858,-0.08028482288657302
2022-09-13,401.8299865722656,393.1000061035156,122947100,-0.043482480629019826,0.028526210177431288,399.1316680908203,408.74762253534226,0,0.0,1,0.0,-0.04445617414726737,-0.1752158947341627,-0.16072419401876947,-0.0,-0.08369124696605858,-0.08028482288657302
2022-09-14,394.4700012207031,394.6000061035156,85023700,0.003815822886568565,0.012988385030843652,398.23916880289715,407.1161949521019,0,0.0,1,0.0,0.0038085611016787993,-0.17140733363248392,-0.15752166619016306,-0.0,-0.08369124696605858,-0.08028482288657302
2022-09-15,392.9599914550781,390.1199951171875,87633800,-0.011353296799374357,0.01846800940975668,397.19666798909503,405.23143223353793,0,0.0,1,0.0,-0.011418237468483304,-0.18282557110096723,-0.16708657276094852,-0.0,-0.08369124696605858,-0.08028482288657302
2022-09-16,384.1400146484375,385.55999755859375,103084800,-0.011688705054002657,0.010834615181878782,396.1425018310547,403.27476574125745,0,0.0,1,0.0,-0.011757555003970535,-0.19458312610493778,-0.17682225214746428,-0.0,-0.08369124696605858,-0.08028482288657302
2022-09-19,382.260009765625,388.54998779296875,73278500,0.007754928554071894,0.016667526399246624,395.5900014241536,401.40143112909226,1,0.0,0,0.0,0.00772501365470151,-0.18685811245023626,-0.17043856752556608,0.0,-0.08369124696605858,-0.08028482288657302
2022-09-20,385.05999755859375,384.0899963378906,77274900,-0.011478552554876287,0.012906565458041364,394.5625,399.5895254952567,1,0.0,0,0.0,-0.011544939646675469,-0.19840305209691173,-0.17996073202572238,0.0,-0.08369124696605858,-0.08028482288657302
2022-09-21,386.1099853515625,377.3900146484375,106746600,-0.017443780763191308,0.03161267825910885,393.3250020345052,397.8771449497768,1,0.0,0,0.0,-0.017597716278495924,-0.21600076837540766,-0.1942653172334735,-0.0,-0.08369124696605858,-0.08028482288657302
2022-09-22,376.5799865722656,374.2200012207031,89472600,-0.008399833871300055,0.013014099506720722,391.94666798909503,396.0614304315476,0,0.0,1,0.0,-0.008435311285113283,-0.22443607966052095,-0.20103335471305706,-0.0,-0.08369124696605858,-0.08028482288657302
2022-09-23,370.5799865722656,367.95001220703125,122346900,-0.016754820675589754,0.020176680888154053,389.46083577473956,393.88428751627606,1,0.0,0,0.0,-0.016896770479683878,-0.24133285014020484,-0.2144198975806173,-0.0,-0.08369124696605858,-0.08028482288657302
2022-09-26,366.4100036621094,364.30999755859375,92581200,-0.009892687940418976,0.01977795967254581,386.4550018310547,391.2557155064174,0,0.0,1,0.0,-0.009941945708146676,-0.2512747958483515,-0.22219139638605456,0.0,-0.08369124696605858,-0.08028482288657302
2022-09-27,368.0199890136719,363.3800048828125,108294100,-0.0025527509044867003,0.02640839889224411,382.8533350626628,389.2590491885231,0,0.0,1,0.0,-0.0025560147287469804,-0.2538308105770985,-0.2241769480024477,-0.0,-0.08369124696605858,-0.08028482288657302
2022-09-28,364.3800048828125,370.5299987792969,110802200,0.019676354781243965,0.026751190088739163,379.4833348592122,387.730477469308,0,0.0,1,0.0,0.019485277712052225,-0.23434553286504628,-0.2089115783838763,0.0,-0.08369124696605858,-0.08028482288657302
2022-09-29,366.80999755859375,362.7900085449219,112952300,-0.020888970555351105,0.020600425057162086,376.9575017293294,386.04381161644346,0,0.0,1,0.0,-0.0211102318049051,-0.2554557646699514,-0.22543660112969477,-0.0,-0.08369124696605858,-0.08028482288657302
2022-09-30,361.79998779296875,357.17999267578125,153711200,-0.015463534653672784,0.024843140558214127,373.83916727701825,384.23428780691967,1,0.0,0,0.0,-0.015584342130975551,-0.27104010680092694,-0.23741408908959227,-0.0,-0.08369124696605858,-0.08028482288657302
2022-10-03,361.0799865722656,366.6099853515625,89756500,0.02640123430525132,0.026001493722533686,371.8799997965495,382.8147626604353,0,0.0,1,0.0,0.026058736876293866,-0.24498136992463307,-0.21728087977776311,0.0,-0.08369124696605858,-0.08028482288657302
2022-10-04,372.3999938964844,377.9700012207031,103602800,0.030986651545366062,0.03118092710097753,371.2475001017253,382.13523937406995,1,0.0,0,0.0,0.03051625785631023,-0.21446511206832283,-0.19302703514154107,0.0,-0.08369124696605858,-0.08028482288657302
2022-10-05,373.3900146484375,377.0899963378906,88065700,-0.0023282400189708063,0.022941040485253694,370.29250081380206,381.48428635370163,1,0.0,0,0.0,-0.0023309545840216068,-0.21679606665234444,-0.1949058618925521,0.0,-0.08369124696605858,-0.08028482288657302
2022-10-06,375.6199951171875,373.20001220703125,82333500,-0.010315797736977772,0.016206956809126316,369.38500213623047,380.31381080264134,1,0.0,0,0.0,-0.010369374353980875,-0.22716544100632532,-0.203211050180495,-0.0,-0.08369124696605858,-0.08028482288657302
2022-10-07,368.9700012207031,362.7900085449219,107789500,-0.027893899575583303,0.034216229899650674,368.1683349609375,378.52381097702755,0,0.0,1,0.0,-0.02829032366362611,-0.25545576466995146,-0.22543660112969477,-0.0,-0.08369124696605858,-0.08028482288657302
2022-10-10,363.9599914550781,360.0199890136719,76042800,-0.00763532474987394,0.01828494920406598,366.98500061035156,376.3057149251302,0,0.0,1,0.0,-0.007664623071973914,-0.26312038774192537,-0.23135064421943574,-0.0,-0.08369124696605858,-0.08028482288657302
2022-10-11,358.239990234375,357.739990234375,92482800,-0.006332978303630554,0.020578582272247514,366.13416544596356,373.7709524972098,0,0.0,1,0.0,-0.006353116679683497,-0.2694735044216089,-0.23621848391269362,-0.0,-0.08369124696605858,-0.08028482288657302
2022-10-12,358.1700134277344,356.55999755859375,76991800,-0.0032984645496528797,0.009879370339174187,365.4883321126302,372.0309520903088,1,0.0,0,0.0,-0.003303916475803451,-0.27277742089741236,-0.23873779016718777,-0.0,-0.08369124696605858,-0.08028482288657302
2022-10-13,349.2099914550781,365.9700012207031,147254500,0.026391080677980572,0.05572958326509969,365.7041651407878,370.6676185244606,0,0.0,1,0.0,0.02604884437309545,-0.2467285765243169,-0.21864725777039218,0.0,-0.08369124696605858,-0.08028482288657302
2022-10-14,368.54998779296875,357.6300048828125,123737000,-0.022788743093893893,0.03725912883494842,364.62916564941406,369.12047613234745,1,0.0,0,0.0,-0.023052420113011996,-0.2697809966373289,-0.23645330467877224,-0.0,-0.08369124696605858,-0.08028482288657302
2022-10-17,364.010009765625,366.82000732421875,93168200,0.0256969558368505,0.029948534044977437,364.96499888102215,368.2280956449963,1,0.0,0,0.0,0.025372338438406875,-0.24440865819892205,-0.21683247896972957,0.0,-0.08369124696605858,-0.08028482288657302
2022-10-18,375.1300048828125,371.1300048828125,97162900,0.011749625081884707,0.02157712078366547,366.1274998982747,367.39857264927457,0,0.0,1,0.0,0.011681134209780814,-0.23272752398914123,-0.20763055422131482,-0.0,-0.08369124696605858,-0.08028482288657302
2022-10-19,368.989990234375,368.5,79746900,-0.007086478722309053,0.017234355138632695,366.28500111897785,366.65619187127976,1,0.0,0,0.0,-0.007111707070068097,-0.23983923105920932,-0.21324566343903328,-0.0,-0.08369124696605858,-0.08028482288657302
2022-10-20,368.0299987792969,365.4100036621094,88283100,-0.008385336059404724,0.022105889580616545,365.2383346557617,366.0857151576451,0,0.0,1,0.0,-0.008420690769296463,-0.2482599218285058,-0.21984286294729094,-0.0,-0.08369124696605858,-0.08028482288657302
2022-10-21,365.1199951171875,374.2900085449219,131038400,0.02430148270112431,0.03097315008907886,365.00500233968097,366.0890488397507,0,0.0,1,0.0,0.024010899985540957,-0.22424902184296483,-0.2008838877770459,0.0,-0.08369124696605858,-0.08028482288657302
2022-10-24,375.8900146484375,378.8699951171875,85436900,0.012236464954195947,0.018627247942674563,365.47750091552734,366.60904802594865,1,0.0,0,0.0,0.01216220459272166,-0.21208681725024317,-0.19110553147549636,0.0,-0.08369124696605858,-0.08028482288657302
2022-10-25,378.7900085449219,384.9200134277344,78846300,0.015968586556123432,0.017376571523853634,367.32166798909503,367.5904773530506,1,0.0,0,0.0,0.015842429934322933,-0.19624438731592023,-0.17818863014009345,0.0,-0.08369124696605858,-0.08028482288657302
2022-10-26,381.6199951171875,382.0199890136719,104087300,-0.007534096209333541,0.01633664709332372,369.1550013224284,368.4780956449963,0,1.0,1,0.0,-0.007562620874207404,-0.20380700819012762,-0.18438023606654208,0.0,-0.08369124696605858,-0.08028482288657302
2022-10-27,383.07000732421875,379.9800109863281,81971800,-0.00533997718970336,0.014947443198388477,371.0083363850911,368.92809622628346,1,1.0,0,1.0,-0.0053542858291678735,-0.2091612940192955,-0.188735627001418,-0.008388683152477018,-0.0920799301185356,-0.08796775221406772
2022-10-28,379.8699951171875,389.0199890136719,100302000,0.023790667313994707,0.02591655216948241,373.71333567301434,370.1771429152716,0,1.0,1,0.0,0.02351207926820392,-0.18564921475109158,-0.16943510619971225,0.0,-0.0920799301185356,-0.08796775221406772
2022-10-31,386.44000244140625,386.2099914550781,96631300,-0.007223272936998093,0.008150298632784603,375.4000015258789,371.5595238095238,0,1.0,1,1.0,-0.007249487083864056,-0.19289870183495564,-0.17543450311952058,0.009529063646409859,-0.08255086647212574,-0.07923539938129964
2022-11-01,390.1400146484375,384.5199890136719,85407600,-0.004375864112264538,0.01852384864001344,377.6408335367839,372.4123811267671,0,1.0,1,1.0,-0.0043854662275687375,-0.19728416806252438,-0.1790426896855315,-0.016123600505364075,-0.09867446697748981,-0.0939623948183147
2022-11-02,383.8999938964844,374.8699951171875,126990400,-0.025096208707478307,0.037010339299173856,378.31166585286456,372.2647617885045,0,1.0,1,1.0,-0.025416488450460573,-0.22270065651298496,-0.19964560568511336,-0.03291397562605086,-0.1315884426035407,-0.12329826607500305
2022-11-03,371.4700012207031,371.010009765625,87100100,-0.010296863984421645,0.014669604752728604,378.3016662597656,371.9752386183966,1,1.0,0,1.0,-0.010350243431810614,-0.23305089994479558,-0.20788674602270796,0.01477707696602192,-0.11681136563751877,-0.1102469846727877
2022-11-04,377.0,376.3500061035156,103505200,0.014393132792465568,0.023972959776182412,378.9558334350586,372.125238327753,0,1.0,1,0.0,0.01429053495439394,-0.21876036499040163,-0.19648575477154073,0.0,-0.11681136563751877,-0.1102469846727877
2022-11-07,377.7099914550781,379.95001220703125,68286900,0.009565580032235843,0.013421054406585364,380.16750081380206,372.94238135928197,0,1.0,1,1.0,0.009520119545588271,-0.20924024544481337,-0.18879967495176642,0.008961326147233512,-0.10785003949028527,-0.10223778478417189
2022-11-08,381.1099853515625,382.0,84641100,0.005395414467974202,0.01959121537797648,380.8100001017253,373.98904854910717,0,1.0,1,1.0,0.005380911362788072,-0.2038593340820253,-0.18442291298157576,-0.0031010029839135637,-0.11095104247419883,-0.10501743601154812
2022-11-09,379.92999267578125,374.1300048828125,78495500,-0.02060208145860598,0.02015478598568321,380.41500091552734,374.769525437128,0,1.0,1,1.0,-0.020817264954697857,-0.22467659903672316,-0.20122549856410188,0.021147159895318804,-0.08980388257888003,-0.08588955932465603
2022-11-10,388.04998779296875,394.69000244140625,141455800,0.054954153075837064,0.024375048074442462,381.2291666666667,376.58523995535717,0,1.0,1,1.0,0.05349730918360128,-0.17117928985312186,-0.15732952233911812,0.01924414627030046,-0.07055973630857956,-0.06812792873449713
2022-11-11,395.5899963378906,398.510009765625,93839900,0.009678500343534457,0.014583016096063384,382.6033350626628,378.13476417178197,0,1.0,1,1.0,0.009631963688169896,-0.16154732616495196,-0.14917373583159088,0.002701187692824569,-0.067858548615755,-0.06560736463854022
2022-11-14,396.6600036621094,395.1199951171875,71903500,-0.00850672396016161,0.013550151420772094,383.86500040690106,379.92000180199034,1,1.0,0,1.0,-0.008543112649075422,-0.17009043881402738,-0.15641147999892713,0.011255907178713753,-0.05660264143704124,-0.05503051350882893
2022-11-15,401.1499938964844,398.489990234375,93194500,0.008529042212070292,0.019823081745553806,384.65416717529297,381.42809622628346,0,1.0,1,0.0,0.008492875431373566,-0.16159756338265382,-0.14921647790222003,-0.0,-0.05660264143704124,-0.05503051350882893
2022-11-16,396.7799987792969,395.45001220703125,68508500,-0.007628743762310708,0.00757362184872723,385.4241689046224,382.58619181315106,0,1.0,1,1.0,-0.007657991471811043,-0.16925555485446486,-0.15570688738950023,-0.016056458467690167,-0.0726590999047314,-0.07008221494075872
2022-11-17,390.4599914550781,394.239990234375,74496300,-0.0030598607543417256,0.012328900850962832,386.23416900634766,383.8119056338356,1,1.0,0,1.0,-0.0030645516997969695,-0.17232010655426183,-0.15829030674993816,0.01847299155815718,-0.054186108346574224,-0.052744202114272665
2022-11-18,397.739990234375,396.0299987792969,92922500,0.004540403280391958,0.012136141130596023,387.99750264485675,385.2700006394159,0,1.0,1,0.0,0.004530126744089201,-0.16778997981017263,-0.15446860529756778,-0.0,-0.054186108346574224,-0.052744202114272665
2022-11-21,394.6400146484375,394.5899963378906,51243200,-0.0036360943510462818,0.008047684084546036,389.9625015258789,386.2366667247954,0,1.0,1,1.0,-0.0036427210104271073,-0.17143270082059975,-0.1575430372254777,0.005029874456900641,-0.049156233889673585,-0.047967621642758806
2022-11-22,396.6300048828125,399.8999938964844,60429000,0.01345699994392846,0.012451002160519531,391.9250005086263,387.23809523809524,0,1.0,1,1.0,0.013367258722167092,-0.15806544209843265,-0.14620609392465878,0.007335014767658079,-0.04182121912201551,-0.04095877652137192
2022-11-23,399.54998779296875,402.4200134277344,68261600,0.006301624330362854,0.009065626053242681,393.79750061035156,388.07142857142856,1,1.0,0,1.0,0.006281852116995351,-0.1517835899814373,-0.14082580547301882,0.005690196920583261,-0.036131022201432245,-0.03548608753217919
2022-11-25,401.8299865722656,402.3299865722656,30545400,-0.0002237136634978265,0.0034118520895389803,395.49166615804035,389.038571312314,1,1.0,0,0.0,-0.00022373869113219644,-0.1520073286725695,-0.14101801447965923,-0.0,-0.036131022201432245,-0.03548608753217919
2022-11-28,399.0899963378906,395.9100036621094,67881600,-0.015957008238070003,0.0144263937089808,397.3066660563151,389.7971423921131,0,1.0,1,0.0,-0.016085692069329978,-0.16809302074189947,-0.15472479709896103,-0.0,-0.036131022201432245,-0.03548608753217919
2022-11-29,396.04998779296875,395.2300109863281,52310000,-0.0017175435565947028,0.010170353735443172,397.3516667683919,390.0928577241443,0,1.0,1,1.0,-0.0017190202256002212,-0.1698120409674997,-0.15617659407725304,-0.0014149573428254877,-0.03754597954425773,-0.03684986850139871
2022-11-30,395.489990234375,407.67999267578125,144566700,0.03150059798946736,0.036088190741528026,398.11583201090497,391.11523873465404,0,1.0,1,1.0,0.0310146332570357,-0.13879740771046398,-0.12959565219317748,0.03302714605598456,-0.004518833488273172,-0.004508638921855934
2022-12-01,408.7699890136719,407.3800048828125,76398200,-0.0007358413421266752,0.012970969734404036,399.1374994913737,392.2038109188988,0,1.0,1,1.0,-0.0007361122062505647,-0.13953351991671453,-0.13023613169666048,-0.016078837929009916,-0.020597671417283088,-0.020386988389477168
2022-12-02,402.25,406.9100036621094,85342700,-0.0011537169597666264,0.014223828753091361,399.83916727701825,393.72952561151413,0,1.0,1,1.0,-0.0011543830035115122,-0.14068790292022604,-0.1312395930225143,0.004217352272388468,-0.01638031914489462,-0.016246891241175065
2022-12-05,403.95001220703125,399.5899963378906,77289800,-0.017989253786685366,0.016977620162432983,400.18416595458984,395.0904773530506,0,1.0,1,1.0,-0.01815302749679934,-0.15884093041702538,-0.1468679444634563,-0.01127760968613219,-0.02765792883102681,-0.027278950276051317
2022-12-06,399.4200134277344,393.8299865722656,77972200,-0.014414799715742554,0.021320537416057883,400.1499989827474,395.922857375372,0,1.0,1,1.0,-0.014519702260977834,-0.17336063267800322,-0.15916567217509536,-0.016356593787553365,-0.044014522618580174,-0.0430599399033631
2022-12-07,392.94000244140625,393.1600036621094,65927900,-0.0017011983165312605,0.00936299567901866,399.91083272298175,396.5519045875186,1,1.0,0,1.0,-0.0017026469976163603,-0.17506327967561958,-0.16059609811807274,0.005583234885575546,-0.038431287733004624,-0.03770217586679425
2022-12-08,395.1400146484375,396.239990234375,60737900,0.007833926502128774,0.010399970636326472,400.04833221435547,397.2299993605841,0,1.0,1,0.0,0.007803400621268784,-0.1672598790543508,-0.15402026964512971,-0.0,-0.038431287733004624,-0.03770217586679425
2022-12-09,394.94000244140625,393.2799987792969,81447700,-0.007470198687737906,0.011369709500440806,399.49666595458984,398.14190383184524,1,1.0,0,1.0,-0.007498240360482925,-0.17475811941483374,-0.1603399063166795,-0.002103839829750592,-0.040535127562755215,-0.039724568216550016
2022-12-12,394.1099853515625,398.95001220703125,75405800,0.014417243300787197,0.01408202255497315,399.20749918619794,398.34476143973217,0,1.0,1,0.0,0.014314303078420583,-0.16044381633641316,-0.14823432245608525,0.0,-0.040535127562755215,-0.039724568216550016
2022-12-13,410.2200012207031,401.9700012207031,123782500,0.007569843141412624,0.028616490090868307,399.17750040690106,398.50952293759303,0,1.0,1,1.0,0.007541335653240813,-0.15290248068317236,-0.14178658988383885,-0.02121217213785491,-0.061747299700610124,-0.05987957451024151
2022-12-14,401.6099853515625,399.3999938964844,108111300,-0.006393530155021865,0.0231889240695915,399.4683329264323,398.7133324032738,1,1.0,0,1.0,-0.006414056305424778,-0.15931653698859713,-0.1472736032008607,-0.018369422066789817,-0.08011672176739994,-0.07699139509681974
2022-12-15,394.29998779296875,389.6300048828125,117705900,-0.024461665405543398,0.018974413038791882,399.00166575113934,398.2914283389137,0,1.0,1,0.0,-0.024765822310819672,-0.1840823592994168,-0.1681327110018358,-0.0,-0.08011672176739994,-0.07699139509681974
2022-12-16,385.17999267578125,383.2699890136719,119858000,-0.01632321892420352,0.014539098003118589,396.9674987792969,397.71142723446803,0,0.0,1,1.0,-0.016457910405921157,-0.20054026970533795,-0.18171146287603657,-0.004449344408160425,-0.08456606617556037,-0.08108905556039558
2022-12-19,383.4700012207031,380.0199890136719,79878100,-0.008479662100243535,0.014645258969016028,394.68749745686847,397.03428431919644,0,0.0,1,0.0,-0.008515818978745046,-0.20905608868408299,-0.1886502731713503,-0.0,-0.08456606617556037,-0.08108905556039558
2022-12-20,379.2300109863281,380.5400085449219,74427200,0.001368400469142994,0.011591914283607396,392.48999786376953,396.29666573660717,1,0.0,0,0.0,0.0013674650624644056,-0.20768862362161858,-0.1875400218245189,0.0,-0.08456606617556037,-0.08108905556039558
2022-12-21,383.25,386.2300109863281,78167400,0.014952442091866303,0.012333745827148412,391.37666575113934,395.89857119605654,0,0.0,1,0.0,0.014841756314111894,-0.1928468673075067,-0.1753917610488911,-0.0,-0.08456606617556037,-0.08108905556039558
2022-12-22,383.04998779296875,380.7200012207031,100120900,-0.014266135745262032,0.030525396314454945,390.28416697184247,394.9852382114955,0,0.0,1,0.0,-0.014368875361936895,-0.2072157426694436,-0.18715573412242914,-0.0,-0.08456606617556037,-0.08108905556039558
2022-12-23,379.6499938964844,382.9100036621094,59857300,0.005752265272075174,0.013305819103085259,389.4300003051758,394.0561901274182,0,0.0,1,0.0,0.005735784166452185,-0.2014799585029914,-0.18248003828021608,0.0,-0.08456606617556037,-0.08108905556039558
2022-12-27,382.7900085449219,381.3999938964844,51638200,-0.0039435108803203,0.00921901766434452,388.1933339436849,393.0595238095238,0,0.0,1,0.0,-0.00395130702221525,-0.20543126552520666,-0.18570393714413713,-0.0,-0.08456606617556037,-0.08108905556039558
2022-12-28,381.3299865722656,376.6600036621094,70911500,-0.01242787181496774,0.018516553243897116,386.80833435058594,392.14285714285717,1,0.0,0,0.0,-0.012505743674206015,-0.21793700919941267,-0.19582390423274265,-0.0,-0.08456606617556037,-0.08108905556039558
2022-12-29,379.6300048828125,383.44000244140625,66970900,0.01800031517383771,0.013902130732099005,385.5158335367839,391.58142816452755,0,0.0,1,0.0,0.017840227729302435,-0.20009678147011023,-0.18134848105366574,0.0,-0.08456606617556037,-0.08108905556039558
2022-12-30,380.6400146484375,382.42999267578125,84022200,-0.002634075107433076,0.010966345101615316,383.8874994913737,390.3790472121466,1,0.0,0,0.0,-0.0026375503873759484,-0.20273433185748618,-0.18350487064138454,0.0,-0.08456606617556037,-0.08108905556039558
2023-01-03,384.3699951171875,380.82000732421875,74850700,-0.004209882546862387,0.0227615763945479,382.33916727701825,389.1142854236421,0,0.0,1,0.0,-0.004218769051922785,-0.20695310090940897,-0.18694221923606957,-0.0,-0.08456606617556037,-0.08108905556039558
2023-01-04,383.17999267578125,383.760009765625,85934100,0.007720189025949065,0.015473697060032876,381.8500010172526,388.01190476190476,1,0.0,0,0.0,0.007690540861836688,-0.19926256004757228,-0.18066525947955336,-0.0,-0.08456606617556037,-0.08108905556039558
2023-01-05,381.7200012207031,379.3800048828125,76970500,-0.011413395797773451,0.008131762838879286,381.52583567301434,387.04952421642486,0,0.0,1,0.0,-0.01147902847194515,-0.21074158851951744,-0.19001665116397926,0.0,-0.08456606617556037,-0.08108905556039558
2023-01-06,382.6099853515625,388.0799865722656,104189600,0.022932103899730993,0.025934994446413784,382.19750213623047,386.77571469261534,0,0.0,1,0.0,0.02267311516744916,-0.18806847335206828,-0.17144202885141957,0.0,-0.08456606617556037,-0.08108905556039558
2023-01-09,390.3699951171875,387.8599853515625,73978100,-0.0005668965891446609,0.015554462740051234,382.8075002034505,386.52333286830356,0,0.0,1,0.0,-0.0005670573357700661,-0.18863553068783834,-0.17191173553917227,-0.0,-0.08456606617556037,-0.08108905556039558
2023-01-10,387.25,390.5799865722656,65358100,0.007012843096556365,0.011339231644676095,383.1699981689453,386.2538088843936,0,0.0,1,0.0,0.006988367474913615,-0.18164716321292473,-0.16610448247040888,0.0,-0.08456606617556037,-0.08108905556039558
2023-01-11,392.2300109863281,395.5199890136719,68881100,0.01264786371867066,0.010782362839324655,384.40333048502606,386.36047508603053,0,0.0,1,0.0,0.012568547576673746,-0.16907861563625098,-0.15555748560908422,0.0,-0.08456606617556037,-0.08108905556039558
2023-01-12,396.6700134277344,396.9599914550781,90157700,0.003640782972808232,0.015468061258191668,385.57416280110675,386.26571219308033,0,0.0,1,0.0,0.003634171365240132,-0.16544444427101085,-0.15248305368117443,-0.0,-0.08456606617556037,-0.08108905556039558
2023-01-13,393.6199951171875,398.5,63903900,0.0038795056884117773,0.014643844560055852,386.9991633097331,386.10047403971356,0,1.0,1,0.0,0.003871999812680603,-0.16157244445833024,-0.14919510686690518,0.0,-0.08456606617556037,-0.08108905556039558
2023-01-17,398.4800109863281,397.7699890136719,62677300,-0.0018318970798698597,0.007983713915342472,388.7583287556966,386.0228547595796,1,1.0,0,1.0,-0.001833577055333756,-0.163406021513664,-0.15075369386617465,0.0013291673714628028,-0.08323689880409757,-0.07986685704250751
2023-01-18,399.010009765625,391.489990234375,99632300,-0.015788015568668268,0.022592507578893306,389.42916107177734,386.1114254906064,0,1.0,1,0.0,-0.015913973799226742,-0.17931999531289075,-0.16416160776904953,-0.0,-0.08323689880409757,-0.07986685704250751
2023-01-19,389.3599853515625,388.6400146484375,86958900,-0.007279817254666643,0.009864113800318597,389.94666290283203,386.3671409970238,0,1.0,1,1.0,-0.007306444430314214,-0.18662643974320497,-0.17024635851892522,0.0018988042552752816,-0.08133809454882229,-0.07811804451434401
2023-01-20,390.1000061035156,395.8800048828125,91806400,0.018629039629190602,0.019722960929517086,391.20166269938153,387.1223798479353,0,1.0,1,1.0,0.018457644417167424,-0.16816879532603754,-0.15478884504930912,0.01682761309922862,-0.06451048144959368,-0.06247371242397515
2023-01-23,396.7200012207031,400.6300048828125,84178800,0.011998585281936869,0.017512363930061392,392.6074956258138,388.07904634021577,0,1.0,1,1.0,0.011927172921546549,-0.156241622404491,-0.14464750692538886,0.005429886758687011,-0.059080594690906665,-0.05736920494198039
2023-01-24,398.8800048828125,400.20001220703125,59524900,-0.0010732912426442143,0.00882702725768203,394.34249623616535,388.7442844935826,1,1.0,0,1.0,-0.00107386763214943,-0.15731549003664042,-0.14556554926557974,-0.007372660530404424,-0.06645325522131108,-0.06429334576547763
2023-01-25,395.95001220703125,400.3500061035156,84800300,0.00037479733110745705,0.018142124943413496,395.36499786376953,389.6790466308594,0,1.0,1,0.0,0.0003747271121324628,-0.15694076292450795,-0.14524530951383818,0.0,-0.06645325522131108,-0.06429334576547763
2023-01-26,403.1300048828125,404.75,72287400,0.010990368001509987,0.012224119849410187,396.77249908447266,390.7190464564732,1,1.0,0,1.0,0.010930412793652575,-0.1460103501308554,-0.1358512409143785,0.0013138458580881488,-0.06513940936322293,-0.06306316349544683
2023-01-27,403.6600036621094,405.67999267578125,68346200,0.0022976965430050456,0.011699388241473763,398.0308329264323,391.87523687453495,1,1.0,0,0.0,0.0022950608748414985,-0.1437152892560139,-0.13386568929798537,-0.0,-0.06513940936322293,-0.06306316349544683
2023-01-30,402.79998779296875,400.5899963378906,74202000,-0.012546826143231882,0.012116533722160261,398.4533335367839,393.01476033528644,0,1.0,1,0.0,-0.012626202210392873,-0.15634149146640677,-0.14473292591105158,-0.0,-0.06513940936322293,-0.06306316349544683
2023-01-31,401.1300048828125,406.4800109863281,86811800,0.014703349315466685,0.014372358019623332,399.2466684977214,394.11190359933033,1,1.0,0,1.0,0.0145963030912504,-0.14174518837515637,-0.13215763536270464,0.01011985368581663,-0.0550195556774063,-0.05353336102376094
2023-02-01,405.2099914550781,410.79998779296875,101459200,0.010627771821197785,0.028134726363857387,400.27166748046875,395.46285574776783,1,1.0,0,0.0,0.010571694025693542,-0.13117349434946282,-0.12293440473457073,0.0,-0.0550195556774063,-0.05353336102376094
2023-02-02,414.8599853515625,416.7799987792969,101654500,0.01455698920162063,0.013151503128184805,401.8558349609375,397.1752362932478,0,1.0,1,0.0,0.014452053374916023,-0.1167214409745468,-0.11016697033517886,-0.0,-0.0550195556774063,-0.05353336102376094
2023-02-03,411.5899963378906,412.3500061035156,94736800,-0.010629091340170427,0.01430344920867288,403.5941696166992,398.5366646902902,1,1.0,0,1.0,-0.01068598363290454,-0.12740742460745133,-0.11962508688498685,-0.0043828451232016145,-0.059402400800607914,-0.0576725004872255
2023-02-06,409.7900085449219,409.8299865722656,60295300,-0.006111360480051453,0.007816717455762845,405.36000061035156,399.9866638183594,1,1.0,0,0.0,-0.006130111277800135,-0.13353753588525147,-0.1250053753366267,-0.0,-0.059402400800607914,-0.0576725004872255
2023-02-07,408.8699951171875,415.19000244140625,90990700,0.013078632712971272,0.02188576870196557,406.9691670735677,401.2776169549851,1,1.0,0,0.0,0.012993845860082188,-0.12054369002516928,-0.11356164201483021,0.0,-0.059402400800607914,-0.0576725004872255
2023-02-08,413.1300048828125,410.6499938964844,76227500,-0.010934773280246723,0.011221443138350384,407.80416615804035,402.3628554571243,1,1.0,0,0.0,-0.010994997340289235,-0.1315386873654585,-0.12325464448631229,0.0,-0.059402400800607914,-0.0576725004872255
2023-02-09,414.4100036621094,407.0899963378906,78694900,-0.00866917718618343,0.021586480910589678,408.3783315022786,403.14904639834447,1,1.0,0,0.0,-0.00870697310092209,-0.1402456604663806,-0.13085530532042378,-0.0,-0.059402400800607914,-0.0576725004872255
2023-02-10,405.8599853515625,408.0400085449219,70769700,0.0023336663037101246,0.008468908404920983,409.0191650390625,403.74523780459447,0,1.0,1,0.0,0.0023309475334816784,-0.13791471293289892,-0.1288270116334017,0.0,-0.059402400800607914,-0.0576725004872255
2023-02-13,408.7200012207031,412.8299865722656,64913500,0.011738991096546858,0.011586348960111792,409.69249725341797,404.5009518577939,0,1.0,1,1.0,0.011670623663536151,-0.12624408926936276,-0.11860031967941398,0.006146633918548072,-0.053255766882059845,-0.051862520699202386
2023-02-14,411.239990234375,412.6400146484375,88389300,-0.00046016987623753725,0.01600934584466107,410.27249908447266,405.1742858886719,0,1.0,1,1.0,-0.0004602757868875422,-0.1267043650562503,-0.119005913261223,-0.0021664929780926545,-0.0554222598601525,-0.05391443036384802
2023-02-15,410.3500061035156,413.9800109863281,61555700,0.0032473737163669636,0.011209603448865568,411.3883336385091,405.9461916968936,0,1.0,1,1.0,0.003242112385601186,-0.12346225267064911,-0.11614499621967278,-0.003808871295916209,-0.059231131156068706,-0.05751109456977188
2023-02-16,408.7900085449219,408.2799987792969,76431500,-0.013768810222142602,0.011687138830973609,411.53833262125653,406.74571591331846,0,1.0,1,1.0,-0.013864479472520551,-0.13732673214316968,-0.12831462803061522,-0.006700671732062635,-0.06593180288813134,-0.06380529211015562
2023-02-17,406.05999755859375,407.260009765625,89257800,-0.002498258589011204,0.008563351261451135,411.2433344523112,407.63238234747024,0,1.0,1,1.0,-0.0025013844442150304,-0.1398281165873847,-0.13049232349805318,-0.007415497739503023,-0.07334730062763437,-0.07072196486924531
2023-02-21,403.05999755859375,399.0899963378906,82655900,-0.0200609272499801,0.01338948959385955,409.76916758219403,407.78523908342635,0,1.0,1,1.0,-0.020264879913440236,-0.16009299650082492,-0.14793545373965789,-0.008821629149521079,-0.08216892977715544,-0.07888365842578049
2023-02-22,399.5199890136719,398.5400085449219,83742300,-0.0013781046831931043,0.010352163575822138,408.6183344523112,407.6857154482887,1,1.0,0,1.0,-0.0013790551427742468,-0.16147205164359918,-0.14910968788124213,0.005093156710877652,-0.07707577306627779,-0.07418030124879005
2023-02-23,401.55999755859375,400.6600036621094,96242400,0.005319403502116682,0.015015803677050465,407.85416920979816,407.7076198032924,1,1.0,0,0.0,0.005305305448697813,-0.15616674619490137,-0.14458345897504044,-0.0,-0.07707577306627779,-0.07418030124879005
2023-02-24,395.4200134277344,396.3800048828125,108194400,-0.01068237093839386,0.009170778419939296,406.2866694132487,407.51857212611606,0,0.0,1,0.0,-0.010739837078983187,-0.16690658327388455,-0.15372133577310687,0.0,-0.07707577306627779,-0.07418030124879005
2023-02-27,399.8699951171875,397.7300109863281,80444700,0.0034058380515806785,0.011442995702386494,405.21000417073566,407.18428693498885,1,0.0,0,0.0,0.0034000513205539825,-0.16350653195333056,-0.150839047696242,-0.0,-0.07707577306627779,-0.07418030124879005
2023-02-28,397.2300109863281,396.260009765625,96438600,-0.0036959776232566854,0.007901060030384377,404.30750528971356,406.73571632021947,1,0.0,0,0.0,-0.003702824624668304,-0.16720935657799887,-0.15397752757450012,-0.0,-0.07707577306627779,-0.07418030124879005
2023-03-01,395.4100036621094,394.739990234375,99706800,-0.003835914535380569,0.008414249625066317,403.1991704305013,406.4571446010045,0,0.0,1,0.0,-0.0038432905240252365,-0.1710526471020241,-0.1572227974737357,-0.0,-0.07707577306627779,-0.07418030124879005
2023-03-02,392.67999267578125,397.80999755859375,85127800,0.007777289862108905,0.016210883916131902,401.947504679362,406.0442868187314,0,0.0,1,0.0,0.007747202640651336,-0.16330544446137277,-0.1506682748805116,0.0,-0.07707577306627779,-0.07418030124879005
2023-03-03,399.7099914550781,404.19000244140625,90120000,0.016037819365946948,0.01358297231866068,401.2433369954427,405.72952561151413,0,0.0,1,0.0,0.015910572248883096,-0.14739487221248967,-0.13704684609127715,0.0,-0.07707577306627779,-0.07418030124879005
2023-03-06,405.04998779296875,404.4700012207031,72795900,0.0006927404874084164,0.008514646563836159,400.4508361816406,405.1433352515811,0,0.0,1,0.0,0.0006925006534723625,-0.1467023715590173,-0.13644904350282783,-0.0,-0.07707577306627779,-0.07418030124879005
2023-03-07,404.4200134277344,398.2699890136719,108310600,-0.015328731891906533,0.017704922813852164,399.6166687011719,404.47285824730284,0,0.0,1,0.0,-0.01544743147428181,-0.16214980303329912,-0.1496861845899724,-0.0,-0.07707577306627779,-0.07418030124879005
2023-03-08,398.3900146484375,398.9200134277344,74746600,0.0016321199989792756,0.007867054504645976,398.92166900634766,403.95333571661087,0,0.0,1,0.0,0.0016307895385843638,-0.16051901349471476,-0.14829837040643334,0.0,-0.07707577306627779,-0.07418030124879005
2023-03-09,399.739990234375,391.55999755859375,111945300,-0.01844985365837981,0.028038850386035374,398.29416910807294,402.8280973888579,0,0.0,1,0.0,-0.018622175035731294,-0.17914118853044605,-0.16401214083303828,-0.0,-0.07707577306627779,-0.07418030124879005
2023-03-10,390.989990234375,385.9100036621094,189253000,-0.01442944614289643,0.023001655311775338,397.2416687011719,401.6500026157924,0,0.0,1,0.0,-0.014534563011705798,-0.19367575154215186,-0.17607498262300325,-0.0,-0.07707577306627779,-0.07418030124879005
2023-03-13,381.80999755859375,385.3599853515625,157790000,-0.001425250201672501,0.02558786525188239,395.96666717529297,400.615240187872,0,0.0,1,0.0,-0.0014262668368289762,-0.19510201837898083,-0.17724928192018274,0.0,-0.07707577306627779,-0.07418030124879005
2023-03-14,390.5,391.7300109863281,149752400,0.016530065073970368,0.01653539495132561,395.57916768391925,399.8385736374628,0,0.0,1,0.0,0.016394930701474304,-0.17870708767750654,-0.16364915901066757,-0.0,-0.07707577306627779,-0.07418030124879005
2023-03-15,385.8900146484375,389.2799987792969,172996900,-0.006254338800497861,0.015063456537522946,394.875,398.71714564732144,0,0.0,1,0.0,-0.0062739791116780946,-0.18498106678918463,-0.16887998052629616,0.0,-0.07707577306627779,-0.07418030124879005
2023-03-16,386.82000732421875,396.1099853515625,143254200,0.01754517723408111,0.02635323837167647,394.8624979654948,397.9300013950893,0,0.0,1,0.0,0.01739303757900711,-0.1675880292101775,-0.15429783248183704,0.0,-0.07707577306627779,-0.07418030124879005
2023-03-17,393.2200012207031,389.989990234375,140553400,-0.015450241961852518,0.015055993533147793,394.46666463216144,396.7876194545201,0,0.0,1,0.0,-0.015570840749814475,-0.18315886995999198,-0.16736413559765584,-0.0,-0.07707577306627779,-0.07418030124879005
2023-03-20,390.79998779296875,393.739990234375,93055800,0.009615631410812231,0.010510949384805679,394.12749735514325,396.0952380952381,0,0.0,1,0.0,0.009569695461115801,-0.17358917449887618,-0.15935781602613985,0.0,-0.07707577306627779,-0.07418030124879005
2023-03-21,397.239990234375,398.9100036621094,91524200,0.013130526631691453,0.009682029475331033,393.68749745686847,395.69761875697543,0,0.0,1,0.0,0.013045068527290258,-0.16054410597158592,-0.14831974144174775,0.0,-0.07707577306627779,-0.07418030124879005
2023-03-22,398.7300109863281,392.1099853515625,111746600,-0.017046497325513887,0.02657684269518623,392.6574961344401,395.365237281436,0,0.0,1,0.0,-0.017193461403886095,-0.177737567375472,-0.16283790669145404,-0.0,-0.07707577306627779,-0.07418030124879005
2023-03-23,395.0899963378906,393.1700134277344,119351300,0.0027033947508923184,0.022902529272756045,392.2324981689453,395.1095232282366,0,0.0,1,0.0,0.002699747151757449,-0.17503782022371456,-0.16057472708275766,-0.0,-0.07707577306627779,-0.07418030124879005
2023-03-24,391.8399963378906,395.75,107682400,0.006562012575101583,0.016538270524776078,391.9683303833008,394.8757135300409,1,0.0,0,0.0,0.006540576296236363,-0.1684972439274782,-0.15506640788601667,0.0,-0.07707577306627779,-0.07418030124879005
2023-03-27,398.1199951171875,396.489990234375,74010400,0.0018698426642451693,0.008494326751639969,392.37916310628253,394.8809509277344,0,0.0,1,0.0,0.0018680966845833614,-0.16662914724289485,-0.15348651500702803,-0.0,-0.07707577306627779,-0.07418030124879005
2023-03-28,395.7699890136719,395.6000061035156,62871700,-0.002244657249312332,0.007112163823325579,393.1866633097331,394.7795221237909,1,0.0,0,0.0,-0.002247180268645281,-0.16887632751154014,-0.1553866476377581,0.0,-0.07707577306627779,-0.07418030124879005
2023-03-29,399.92999267578125,401.3500061035156,77497900,0.014534883496678752,0.007324203575244326,394.5191650390625,395.0219029017857,0,0.0,1,0.0,0.014430264607990103,-0.15444606290355004,-0.14311029096143368,0.0,-0.07707577306627779,-0.07418030124879005
2023-03-30,404.0899963378906,403.70001220703125,69840000,0.005855253688247242,0.006446625534984207,395.5166651407878,395.4485706147693,0,1.0,1,0.0,0.005838178311722907,-0.14860788459182714,-0.13809298433216455,0.0,-0.07707577306627779,-0.07418030124879005
2023-03-31,404.6600036621094,409.3900146484375,112062600,0.014094630342711634,0.01273025477558054,397.1924997965495,396.0,0,1.0,1,1.0,0.013996224623975942,-0.13461165996785118,-0.12594472355653663,0.01030113813559108,-0.06677463493068671,-0.06459401458106018
2023-04-03,408.8500061035156,410.95001220703125,67391100,0.003810541299922532,0.007173618299548323,398.4291687011719,396.3219052269345,0,1.0,1,1.0,0.0038032995781799427,-0.13080836038967125,-0.12261409982723359,0.006752226245404134,-0.06002240868528257,-0.058256569884343246
2023-04-04,411.6199951171875,408.6700134277344,66601500,-0.0055481170740256935,0.011492052120583462,399.98583730061847,396.52190580822173,0,1.0,1,1.0,-0.005563565040138121,-0.13637192542980936,-0.12748193952049147,-0.009054010968443334,-0.0690764196537259,-0.06674464169827532
2023-04-05,407.9100036621094,407.6000061035156,65200200,-0.0026182672793729767,0.006947884326139686,401.1408386230469,396.9661923363095,1,1.0,0,1.0,-0.002621700935942733,-0.1389936263657521,-0.129766425008907,-0.0027986826798138873,-0.07187510233353979,-0.06935287579316174
2023-04-06,406.7699890136719,409.19000244140625,63743300,0.003900874175862601,0.009367034064171387,401.9975051879883,397.45523943219865,0,1.0,1,0.0,0.003893285494786008,-0.1351003408709661,-0.12637175332925565,-0.0,-0.07187510233353979,-0.06935287579316174
2023-04-10,406.6099853515625,409.6099853515625,63681000,0.0010263762742257487,0.00916324164228266,403.4558385213216,398.3147626604353,1,1.0,0,1.0,0.0010258499102318234,-0.13407449096073426,-0.1254750820243793,0.008936669795678032,-0.06293843253786176,-0.060998716164506694
2023-04-11,410.260009765625,409.7200012207031,59297900,0.0002685868828276039,0.00552670246951914,404.83500417073566,399.44857206798736,0,1.0,1,0.0,0.0002685508198280116,-0.13380594014090624,-0.1252401961027052,0.0,-0.06293843253786176,-0.060998716164506694
2023-04-12,411.8699951171875,408.04998779296875,86420400,-0.004075987071070042,0.011609098169020227,405.8600031534831,400.52904837472096,0,1.0,1,1.0,-0.004084316547969953,-0.1378902566888762,-0.12880570575368233,-0.006552614594463223,-0.06949104713232498,-0.06713151480472423
2023-04-13,409.17999267578125,413.4700012207031,85814800,0.013282719249790409,0.014338602033238557,407.27500406901044,401.56428600492933,0,1.0,1,1.0,0.01319527739381285,-0.12469497929506335,-0.11723387653118922,0.008832293638090028,-0.060658753494234954,-0.058855652795596236
2023-04-14,412.80999755859375,412.4599914550781,78161500,-0.0024427643181926806,0.012266494681862028,408.6800028483073,402.66809517996654,1,1.0,0,1.0,-0.002445752734606423,-0.12714073202966977,-0.11939026611890813,-0.0010664400179662048,-0.06172519351220116,-0.05985879180127607
2023-04-17,412.3699951171875,413.94000244140625,66436400,0.003588253447581513,0.006981427771909354,409.72916920979816,403.5171436128162,1,1.0,0,0.0,0.0035818310251139345,-0.12355890100455584,-0.11623041520533539,0.0,-0.06172519351220116,-0.05985879180127607
2023-04-18,415.5799865722656,414.2099914550781,63560000,0.0006522418999843627,0.007122444038230036,410.60500081380206,404.67047700427827,1,1.0,0,0.0,0.0006520292826832333,-0.1229068717218726,-0.11565398365220059,-0.0,-0.06172519351220116,-0.05985879180127607
2023-04-19,412.2200012207031,414.1400146484375,55227300,-0.0001689404120717164,0.0070845858021442165,411.00083414713544,405.64190673828125,0,1.0,1,0.0,-0.0001689546841105706,-0.12307582640598318,-0.11580338543261637,-0.0,-0.06172519351220116,-0.05985879180127607
2023-04-20,411.2099914550781,411.8800048828125,75840400,-0.005457115192173623,0.00836040481928868,411.0783335367839,406.25952584402904,0,1.0,1,1.0,-0.00547205963912668,-0.12854788604510986,-0.12062854821084046,0.0023804018857094423,-0.05934479162649172,-0.05761821221449537
2023-04-21,412.19000244140625,412.20001220703125,73457400,0.0007769430912525355,0.006119363107681464,411.3725001017253,407.21619378952755,0,1.0,1,1.0,0.0007766414272094301,-0.12777124461790043,-0.11994532663672819,-0.00048536051041080867,-0.05983015213690253,-0.058075496137260596
2023-04-24,411.989990234375,412.6300048828125,64332100,0.0010431651214151128,0.006015589829485801,411.7916666666667,408.1428600492932,1,1.0,0,1.0,0.001042621402772541,-0.1267286232151279,-0.1190272842965373,-0.0034282920185975166,-0.06325844415550004,-0.06129915940908304
2023-04-25,410.5799865722656,406.0799865722656,97766700,-0.015873829418699414,0.012659511323380723,411.5324986775716,408.63476417178197,1,1.0,0,0.0,-0.01600116801417094,-0.14272979122929885,-0.13301169490814246,-0.0,-0.06325844415550004,-0.06129915940908304
2023-04-26,406.7200012207031,404.3599853515625,80447000,-0.004235621743444495,0.010054974418911122,411.0949986775716,409.00952584402904,0,1.0,1,0.0,-0.0042446173996722346,-0.1469744086289711,-0.13668392942450158,0.0,-0.06325844415550004,-0.06129915940908304
2023-04-27,407.0,412.4100036621094,92968400,0.01990804877378749,0.014628539976122568,411.3191655476888,409.8100019182478,0,1.0,1,1.0,0.019712474971588356,-0.12726193365738275,-0.11949699098429001,0.010971509310322715,-0.052286934845177324,-0.050943489612393034
2023-04-28,411.489990234375,415.92999267578125,89335600,0.008535168842693341,0.010961791424814793,411.97583262125653,410.50428699311755,0,1.0,1,1.0,0.008498950231163765,-0.118762983426219,-0.11198174913584136,0.009625717707944141,-0.042661217137233184,-0.041764030992178514
2023-05-01,415.4700012207031,415.510009765625,62122300,-0.0010097442299229487,0.005658983711048338,412.1458333333333,411.06666782924106,0,1.0,1,1.0,-0.0010102543650607994,-0.1197732377912798,-0.11287842044071772,-0.001686289220328926,-0.044347506357562114,-0.04337853233656208
2023-05-02,414.7699890136719,410.8399963378906,103998500,-0.011239232071373118,0.017164434981815413,412.0108337402344,411.1357145763579,0,1.0,1,1.0,-0.011302869513427875,-0.13107610730470767,-0.12284898574890757,-0.008255415332730243,-0.052602921690292355,-0.0512433316093881
2023-05-03,411.3599853515625,408.0199890136719,91531800,-0.006864003868551016,0.014959428765884741,411.51749928792316,410.9961896623884,0,1.0,1,1.0,-0.006887669499263906,-0.13796377680397157,-0.12886975370403053,-0.010827545427922702,-0.06343046711821505,-0.06146062362061033
2023-05-04,406.92999267578125,405.1300048828125,94901900,-0.007082947425800068,0.008743247794818831,410.7608337402344,410.8276178269159,0,0.0,1,1.0,-0.007108150576824931,-0.1450719273807965,-0.13503992343956916,0.004853929404638152,-0.058576537713576904,-0.05689394554384031
2023-05-05,408.9100036621094,412.6300048828125,87844000,0.018512575986983304,0.012431446726126616,410.63499959309894,411.067141578311,0,0.0,1,0.0,0.018343304165668557,-0.12672862321512793,-0.1190272842965373,0.0,-0.058576537713576904,-0.05689394554384031
2023-05-08,412.9700012207031,412.739990234375,50046800,0.0002665471494098792,0.004765589041274776,410.7066650390625,411.23618861607144,0,0.0,1,0.0,0.00026651163202968074,-0.12646211158309825,-0.11879246353045869,-0.0,-0.058576537713576904,-0.05689394554384031
2023-05-09,411.1300048828125,410.92999267578125,49220100,-0.004385321513347806,0.0034088823398716883,410.600830078125,411.2990461077009,1,0.0,0,0.0,-0.004394965239957476,-0.13085707682305572,-0.12265684189786275,0.0,-0.058576537713576904,-0.05689394554384031
2023-05-10,413.8800048828125,412.8500061035156,96142900,0.0046723613801760155,0.013867521450453335,410.6191635131836,411.4480939592634,0,0.0,1,0.0,0.004661479781751272,-0.12619559704130445,-0.11855757760878471,-0.0,-0.058576537713576904,-0.05689394554384031
2023-05-11,411.95001220703125,412.1300048828125,70157100,-0.001743977740241598,0.006000418195851953,411.1233317057292,411.6423804873512,0,0.0,1,0.0,-0.0017455002398152337,-0.1279410972811197,-0.12009479357273956,0.0,-0.058576537713576904,-0.05689394554384031
2023-05-12,413.4200134277344,411.5899963378906,70439400,-0.001310286896183177,0.011171699812733138,411.72583262125653,411.5528564453125,0,1.0,1,0.0,-0.001311146072652117,-0.1292522433537718,-0.12124772183460453,-0.0,-0.058576537713576904,-0.05689394554384031
2023-05-15,412.2200012207031,413.010009765625,54289400,0.0034500678839837207,0.007800457313591691,411.7758331298828,411.5790477934338,0,1.0,1,1.0,0.003444130053141995,-0.1258081133006298,-0.11821596682172864,-0.0008737401657860043,-0.05945027787936291,-0.05771761529514141
2023-05-16,411.8599853515625,410.25,57705500,-0.006682670396272572,0.006289043367931457,411.30250040690106,411.40333339146207,0,0.0,1,1.0,-0.006705099417769526,-0.13251321271839933,-0.12410863887615486,0.0011890678704924971,-0.05826121000887041,-0.056596511184211384
2023-05-17,412.3500061035156,415.2300109863281,87287000,0.01213896645052559,0.01271179260889621,411.27916717529297,411.45190575009303,0,0.0,1,0.0,0.012065880064935735,-0.12044733265346359,-0.11347622302916727,0.0,-0.05826121000887041,-0.056596511184211384
2023-05-18,414.8999938964844,419.2300109863281,97177200,0.009633215071565893,0.01205778049555395,411.9783350626628,411.6942865280878,0,1.0,1,0.0,0.009587111502516284,-0.1108602211509473,-0.10493614881955038,0.0,-0.05826121000887041,-0.056596511184211384
2023-05-19,420.1700134277344,418.6199951171875,103679700,-0.0014550863563069782,0.008074745580216147,412.8616689046224,412.01523844401044,0,1.0,1,1.0,-0.0014561460225211089,-0.11231636717346842,-0.1062385440174266,-0.0036480261915475165,-0.06190923620041793,-0.060031801995417355
2023-05-22,418.6400146484375,418.7900085449219,60745400,0.0004061283018428341,0.007284074518901118,414.00000254313153,412.3290477934338,1,1.0,0,1.0,0.0004060458540662169,-0.1119103213194022,-0.1058755621950559,-0.0037333793277201798,-0.06564261552813812,-0.06353451728369974
2023-05-23,417.0799865722656,414.0899963378906,86383500,-0.011222837486886017,0.012183350981810559,414.1216684977214,412.39857119605654,0,1.0,1,0.0,-0.01128628870935317,-0.12319661002875537,-0.11591017545359406,-0.0,-0.06564261552813812,-0.06353451728369974
2023-05-24,412.4200134277344,411.0899963378906,89213700,-0.007244801918740551,0.007172836943453387,413.98416900634766,412.63714308965774,1,1.0,0,1.0,-0.0072711729419161625,-0.13046778297067152,-0.12231523111080689,0.0056095141927982916,-0.060033101335339824,-0.05826663956344935
2023-05-25,414.739990234375,414.6499938964844,90961600,0.008659898295524604,0.009092892914092321,414.29416910807294,413.1271434965588,0,1.0,1,0.0,0.008622616459603612,-0.12184516651106791,-0.1147145702766954,0.0,-0.060033101335339824,-0.05826663956344935
2023-05-26,415.3299865722656,420.0199890136719,93830000,0.012950669712364915,0.013293170412214117,414.89166768391925,413.4895237513951,0,1.0,1,1.0,0.012867526857071395,-0.10897763965399652,-0.10324953107517987,0.01600304602955033,-0.04403005530578949,-0.043074803638557424
2023-05-30,422.0299987792969,420.17999267578125,72216000,0.00038094297008361977,0.009170359715921395,415.5625,413.69190470377606,0,1.0,1,1.0,0.00038087042973229825,-0.10859676922426423,-0.10290792028812379,-0.00892533685217114,-0.05295539215796063,-0.05157768138832619
2023-05-31,418.2799987792969,417.8500061035156,110811800,-0.005545210654671728,0.007207726661865088,416.08416748046875,413.80333310081846,0,1.0,1,1.0,-0.005560642409936827,-0.11415741163420105,-0.10788248484676366,-0.0004543502176885474,-0.053409742375649175,-0.05200849939670882
2023-06-01,418.0899963378906,421.82000732421875,88865000,0.009501019894013307,0.014707657950374875,416.8183339436849,414.3261907668341,0,1.0,1,1.0,0.009456169066444198,-0.10470124256775686,-0.09940645858749508,0.015215294157089955,-0.03819444821855922,-0.037474238726179276
2023-06-02,424.5,427.9200134277344,91366700,0.014461158782416605,0.01129845002812413,418.2908350626628,415.27381097702755,0,1.0,1,1.0,0.01435759348122755,-0.09034364908652931,-0.08638283238670996,0.00886517868842181,-0.029329269530137408,-0.028903340722276294
2023-06-05,428.2799987792969,427.1000061035156,65460200,-0.0019162630830240612,0.007622487598140548,419.2800013224284,416.32000151134673,0,1.0,1,1.0,-0.0019181014640489555,-0.09226175055057827,-0.08813356323702426,-0.003766272253781973,-0.03309554178391938,-0.03255387635514406
2023-06-06,426.6700134277344,428.0299987792969,64022200,0.0021774588210983215,0.0060799464711966955,420.0133336385091,417.05333455403644,0,1.0,1,1.0,0.002175091593377299,-0.09008665895720097,-0.08614801162063124,0.0041397984087491475,-0.028955743375170234,-0.028540542968027882
2023-06-07,428.44000244140625,426.54998779296875,85373300,-0.003457727240027575,0.008237332816148468,420.6741663614909,417.7109534853981,0,1.0,1,1.0,-0.003463718994750308,-0.09355037795195129,-0.08930786253420397,-0.004257034776463011,-0.033212778151633246,-0.03266728957643217
2023-06-08,426.6199951171875,429.1300048828125,61952800,0.0060485691329945634,0.008876987258183977,421.53583272298175,418.5776207333519,0,1.0,1,1.0,0.006030349968389047,-0.08752002798356223,-0.0837994781818675,0.007798485412774453,-0.02541429273885879,-0.025094068097563094
2023-06-09,429.9599914550781,429.8999938964844,85742800,0.0017943024372815142,0.00727492049504419,422.85333251953125,419.38952491396947,0,1.0,1,1.0,0.001792694599673949,-0.08572733338388829,-0.08215553735253067,0.002230327955508844,-0.02318396478334995,-0.022917281572072956
2023-06-12,430.9200134277344,433.79998779296875,76104300,0.009071863112013467,0.008624477158497568,424.7458318074544,420.42142886207216,0,1.0,1,1.0,0.009030960948294134,-0.07669637243559416,-0.07382897802927324,0.010158920466156992,-0.013025044317192957,-0.012940585518330217
2023-06-13,435.32000732421875,436.6600036621094,95899700,0.006592936721117493,0.006212138276512125,426.57999928792316,421.61523873465404,1,1.0,0,1.0,0.006571298368602579,-0.07012507406699157,-0.06772279108848756,0.0038746908226540444,-0.009150353494538913,-0.009108616410040127
2023-06-14,437.010009765625,437.17999267578125,100612100,0.0011908327057914558,0.01261560752531854,428.00999959309894,422.76619030180433,0,1.0,1,0.0,0.00119012422692229,-0.06893494984006929,-0.06661260489725174,-0.0,-0.009150353494538913,-0.009108616410040127
2023-06-15,436.3299865722656,442.6000061035156,110303100,0.012397670338390565,0.01758242834511603,429.87833404541016,424.3066667829241,0,1.0,1,1.0,0.012321448558557475,-0.05661350128151181,-0.055040775674758735,0.015216083935255094,0.006065730440716181,0.006084164236236589
2023-06-16,443.0199890136719,439.4599914550781,114121300,-0.007094474932526573,0.010570162238777936,431.67916615804035,425.4604753766741,0,1.0,1,1.0,-0.007119760382108064,-0.06373326166361988,-0.06174476520399397,-0.012652449496948649,-0.006586719056232468,-0.0065650741712686145
2023-06-20,437.45001220703125,437.17999267578125,76160400,-0.0051881828235322835,0.007677623031199454,432.9591649373372,426.3152364095052,0,1.0,1,1.0,-0.005201688176449508,-0.06893494984006938,-0.06661260489725185,-0.002953284552828026,-0.009540003609060495,-0.009494642138765608
2023-06-21,436.1600036621094,434.94000244140625,76982300,-0.005123725403500368,0.006124384095839597,433.5441640218099,427.0923796154204,0,1.0,1,1.0,-0.005136896694487098,-0.07407184653455648,-0.07139502560484678,-0.005079808684125718,-0.014619812293186213,-0.014513461743275391
2023-06-22,433.95001220703125,436.510009765625,70637200,0.0036097101103738094,0.006964919213933163,434.32833099365234,427.93618919735866,1,1.0,0,1.0,0.0036032107426930415,-0.07046863579186344,-0.06804303084022922,-0.002353313021988243,-0.016973125315174455,-0.016829893333387247
2023-06-23,432.92999267578125,433.2099914550781,92074500,-0.007560006040454259,0.005988846233449863,434.75999704996747,428.84666515531995,1,1.0,0,0.0,-0.007588727735143791,-0.07805736352700723,-0.07508863115652054,-0.0,-0.016973125315174455,-0.016829893333387247
2023-06-26,432.6199951171875,431.44000244140625,72823600,-0.004085752980273583,0.007931498621935207,435.1674982706706,429.81571306501115,0,1.0,1,0.0,-0.004094122473882703,-0.08215148600088994,-0.07886759053826164,-0.0,-0.016973125315174455,-0.016829893333387247
2023-06-27,432.3500061035156,436.1700134277344,72813700,0.010963311143060928,0.01141519084014786,435.75416564941406,430.8404758998326,0,1.0,1,1.0,0.010903649709285458,-0.07124783629160447,-0.06876892932937528,0.0062254794296073565,-0.010747645885567099,-0.010690096298246243
2023-06-28,435.04998779296875,436.3900146484375,75636000,0.0005043932731050305,0.006974974686940305,436.29500071207684,431.6200009300595,0,1.0,1,1.0,0.0005042661095765424,-0.07074357018202793,-0.06829922264162258,0.0020895374677504497,-0.008658108417816649,-0.008620734936126029
2023-06-29,435.9599914550781,438.1099853515625,67882300,0.003941361271775801,0.0062910184612636755,436.65416717529297,432.47381010509673,0,1.0,1,1.0,0.003933614456099705,-0.06680995572592822,-0.06462705328085883,0.012491639578658715,0.0038335311608420665,0.0038408885399991988
2023-06-30,441.44000244140625,443.2799987792969,104921500,0.011800720368392525,0.007231762026116639,437.2058334350586,433.6847621372768,0,1.0,1,1.0,0.011731634842625023,-0.0550783208833032,-0.05358897869646695,0.0033470811467681562,0.007180612307610223,0.007206454721921718
2023-07-03,442.9200134277344,443.7900085449219,32793400,0.0011505363811348257,0.0032758323508526033,437.7566680908203,434.73095267159596,1,1.0,0,1.0,0.0011498750213830315,-0.05392844586192017,-0.05250009838495029,-0.00228294742444436,0.004897664883165863,0.004909678047964494
2023-07-05,441.9100036621094,443.1300048828125,58418400,-0.00148719811037068,0.004503328308303356,437.8008346557617,435.4552379789807,0,1.0,1,0.0,-0.001488305087145732,-0.0554167509490659,-0.05390921844820862,-0.0,0.004897664883165863,0.004909678047964494
2023-07-06,439.4200134277344,439.6600036621094,80658300,-0.007830661842952336,0.006955586331174768,437.81750233968097,436.05333310081846,0,1.0,1,1.0,-0.007861482478151452,-0.06327823342721736,-0.06131773543127517,-0.0017994618566643827,0.00309820302650148,0.003103007417876835
2023-07-07,438.6300048828125,438.54998779296875,86076100,-0.00252471423348688,0.009901955227794357,437.9316685994466,436.55428495861236,0,1.0,1,1.0,-0.0025279066989746814,-0.06580614012619204,-0.06368763990535353,-0.0010264760844363521,0.002071726942065128,0.002073874451087754
2023-07-10,438.17999267578125,439.6600036621094,62443500,0.0025311045491687167,0.005141799444296824,438.3250020345052,437.17857142857144,0,1.0,1,1.0,0.0025279066989747885,-0.06327823342721725,-0.061317735431275056,0.0051671911257305135,0.007238918067795641,0.007265182371991585
2023-07-11,440.45001220703125,442.4599914550781,64463800,0.006368529703967729,0.00803294820609235,438.82083384195965,437.8133326939174,0,1.0,1,1.0,0.00634833630815346,-0.056929897119063794,-0.05533970954678147,0.013396082927116023,0.020635000994911664,0.020849374622214034
2023-07-12,446.3900146484375,446.0199890136719,91924500,0.008045919692956538,0.005776465584196089,439.8883336385091,438.5809515090216,0,1.0,1,1.0,0.008013723862516888,-0.0489161732565469,-0.047739048712669874,0.003376937388465588,0.02401193838337725,0.02430254633411999
2023-07-13,447.8999938964844,449.55999755859375,72425200,0.007936883171425269,0.006548201130510911,441.3983332316081,439.33142816452755,0,1.0,1,1.0,0.007905551787355664,-0.04101062146919124,-0.04018106479359207,0.005743725748117622,0.02975566413149487,0.03020278770657958
2023-07-14,450.4800109863281,449.2799987792969,69761800,-0.0006228285007950918,0.006399240071529144,442.49083201090497,439.93238031296505,0,1.0,1,1.0,-0.0006230225390383416,-0.04163364400822958,-0.040778867382041395,-0.003001316332843364,0.026754347798651507,0.027115458596864928
2023-07-17,449.1300048828125,450.8399963378906,52680200,0.003472216797614669,0.006346321788394782,443.6949971516927,440.5828566778274,0,1.0,1,1.0,0.003466202570648931,-0.03816744143758065,-0.037448243652738356,0.003045688046824675,0.02980003584547618,0.030248500584190374
2023-07-18,450.5,454.19000244140625,80744400,0.007430587638025177,0.010687696231660437,445.0349985758464,441.13476126534596,0,1.0,1,1.0,0.007403116820647034,-0.030764324616933614,-0.030295918471064942,0.009961341145462772,0.03976137699093896,0.04056244242360263
2023-07-19,455.010009765625,455.20001220703125,65891700,0.002223760453105239,0.005108910614292306,446.02833302815753,441.884286063058,0,1.0,1,1.0,0.0022212915573065956,-0.028543033059627018,-0.028139528883346143,-0.001847811336522054,0.037913565654416906,0.038641454704162026
2023-07-20,454.1700134277344,452.17999267578125,70591600,-0.006634489126235876,0.008107397754554047,446.7274983723958,442.59857177734375,0,1.0,1,1.0,-0.006656595178376628,-0.03519962823800365,-0.03458732661118802,-0.0004625372474675615,0.03745102840694935,0.038161155431312155
2023-07-21,453.9599914550781,452.17999267578125,71245400,0.0,0.004423115068685535,447.4816640218099,443.41952369326634,0,1.0,1,1.0,0.0,-0.03519962823800365,-0.03458732661118802,-0.001300511235776588,0.03615051717117276,0.036811892739942564
2023-07-24,453.3699951171875,454.20001220703125,54023400,0.004467290822171233,0.006057972199652761,448.6933314005534,444.26190476190476,0,1.0,1,1.0,0.00445734209675547,-0.030742286141248177,-0.03027454743575042,0.0012124422681717788,0.037362959439344534,0.03806972967609101
2023-07-25,453.9200134277344,455.44000244140625,55191200,0.00273005328280318,0.006323385877152976,450.10083262125653,445.32047671363466,1,1.0,0,1.0,0.002726333456018575,-0.028015952685229602,-0.02762714528055965,0.001210906882073755,0.038573866321418286,0.039327496821586205
2023-07-26,454.4700012207031,455.510009765625,71052900,0.00015371360408278356,0.007962383238527604,451.4216664632161,446.46666753859745,1,1.0,0,0.0,0.00015370179135724575,-0.027862250893872356,-0.027477678344548395,0.0,0.038573866321418286,0.039327496821586205
2023-07-27,459.0199890136719,452.489990234375,92194400,-0.006629974021435614,0.017473180958328394,452.2574996948242,447.24380929129467,0,1.0,1,0.0,-0.006652049928426125,-0.034514300822298484,-0.03392547607239027,-0.0,0.038573866321418286,0.039327496821586205
2023-07-28,455.8800048828125,456.9200134277344,80011800,0.009790323076682261,0.011690885233023307,453.1658350626628,448.22142828078495,0,1.0,1,1.0,0.009742708386939452,-0.024771592435359032,-0.024467294366987025,0.003350524359835687,0.041924390681253976,0.04281562919061921
2023-07-31,457.4100036621094,457.7900085449219,62040400,0.0019040424836307412,0.004626720591205169,453.85166931152344,449.1585722423735,0,1.0,1,1.0,0.0019022320924179325,-0.0228693603429411,-0.022609838651290515,-0.0024954365842920264,0.03942895409696195,0.040216593132424316
2023-08-01,456.2699890136719,456.4800109863281,55291500,-0.002861568697747563,0.003863992191616372,454.45167032877606,449.78714425223217,0,1.0,1,1.0,-0.0028656708129788785,-0.02573503115591998,-0.02540670774249243,-0.006640865838858545,0.0327880882581034,0.033331540951170746
2023-08-02,453.25,450.1300048828125,93933400,-0.013910808689727716,0.009280033055558912,454.3925043741862,450.0890488397507,0,1.0,1,1.0,-0.01400847075222544,-0.03974350190814542,-0.03896408858137845,-0.011561316419638371,0.02122677183846503,0.021453662300054743
2023-08-03,448.0400085449219,448.8399963378906,64276100,-0.0028658577098359395,0.007644708999401173,453.94667053222656,450.3609531947545,1,1.0,0,1.0,-0.0028699721428423856,-0.04261347405098781,-0.0417182807575468,0.005963773621080687,0.027190545459545717,0.027563581685389416
2023-08-04,450.7200012207031,446.80999755859375,100052300,-0.004522767123829707,0.014856488327762873,453.24750264485675,450.70142909458707,0,1.0,1,0.0,-0.004533025778414631,-0.047146499829402444,-0.046052365812703555,-0.0,0.027190545459545717,0.027563581685389416
2023-08-07,448.7099914550781,450.7099914550781,58357500,0.008728528720920004,0.006428725966189042,453.12500254313153,451.2804768880208,0,1.0,1,1.0,0.008690655340468388,-0.038455844488934056,-0.03772580648944601,-0.001405022361732317,0.0257855230978134,0.026120845650555724
2023-08-08,448.0799865722656,448.75,71361300,-0.004348675405997704,0.012194900458904812,452.8391698201497,451.71333385649183,0,1.0,1,1.0,-0.0043581583971775105,-0.04281400288611156,-0.04191042460859162,0.0021179400021482083,0.02790346309996161,0.02829641108188552
2023-08-09,449.0299987792969,445.75,78789600,-0.006685236768802283,0.009528993242937878,452.13500213623047,451.8700009300595,0,1.0,1,1.0,-0.006707683059238894,-0.04952168594535046,-0.048315480265804456,-0.0018724428393696903,0.026031020260591918,0.026372786330926656
2023-08-10,448.19000244140625,445.9100036621094,93005500,0.0003589538129207259,0.01574094852226171,451.34083557128906,451.86476353236606,0,0.0,1,1.0,0.0003588894044134793,-0.049162796540936984,-0.047973869478748266,-0.0094602597657014,0.016570760494890518,0.01670881705981553
2023-08-11,443.9700012207031,445.6499938964844,68664600,-0.0005830991982453959,0.007556120576061254,450.51916758219403,451.6785728817894,0,0.0,1,0.0,-0.0005832692666972918,-0.04974606580763428,-0.04852899515216391,0.0,0.016570760494890518,0.01670881705981553
2023-08-14,444.70001220703125,448.1099853515625,47867400,0.005520007828496709,0.008393673045063332,450.15416717529297,451.62285795665923,0,0.0,1,0.0,0.005504828419965597,-0.04424123738766868,-0.04327686775681616,0.0,0.016570760494890518,0.01670881705981553
2023-08-15,446.2699890136719,442.8900146484375,75707500,-0.011648860489082202,0.009812405551094416,448.98500061035156,451.2442874000186,0,0.0,1,0.0,-0.011717240012162844,-0.05595847739983152,-0.05442160205099478,-0.0,0.016570760494890518,0.01670881705981553
2023-08-16,442.4599914550781,439.6400146484375,80107200,-0.007338164990194795,0.010579468772094591,447.47250111897785,450.55143083844865,0,0.0,1,0.0,-0.007365221768905127,-0.06332369916873665,-0.061360412346308624,-0.0,0.016570760494890518,0.01670881705981553
2023-08-17,441.1600036621094,436.2900085449219,95711300,-0.007619884432481627,0.013034980323078038,445.79000091552734,449.6509544735863,1,0.0,0,0.0,-0.00764906407671764,-0.07097276324545429,-0.06851273752798193,-0.0,0.016570760494890518,0.01670881705981553
2023-08-18,433.3699951171875,436.5,98758400,0.00048131162979969666,0.010530928744723278,444.65416717529297,448.904288155692,0,0.0,1,0.0,0.00048119583651082097,-0.07049156740894347,-0.06806440187554386,0.0,0.016570760494890518,0.01670881705981553
2023-08-21,437.54998779296875,439.3399963378906,68719000,0.0065062917248353,0.011003349137996832,443.8625005086263,448.29285975864957,1,0.0,0,0.0,0.0064852171709036625,-0.0640063502380398,-0.062000957005387325,0.0,0.016570760494890518,0.01670881705981553
2023-08-22,441.17999267578125,438.1499938964844,65062900,-0.002708613946659777,0.008250074939180285,443.1408335367839,447.528573172433,0,0.0,1,0.0,-0.0027122888788976324,-0.06671863911693743,-0.0645416342951961,-0.0,0.016570760494890518,0.01670881705981553
2023-08-23,439.25,443.0299987792969,68441000,0.011137749516813678,0.010407668550889149,442.50083414713544,446.93762061709447,0,0.0,1,0.0,0.01107618151551332,-0.05564245760142411,-0.054122733334568074,0.0,0.016570760494890518,0.01670881705981553
2023-08-24,444.69000244140625,436.8900146484375,88517300,-0.013859070825400499,0.01913660245722193,441.5125020345052,446.0509541829427,1,0.0,0,0.0,-0.013956004395686512,-0.06959846199711062,-0.06723171336542055,-0.0,0.016570760494890518,0.01670881705981553
2023-08-25,438.67999267578125,439.9700012207031,102325100,0.007049798505337934,0.014482730558548873,441.0308354695638,445.4547642299107,1,0.0,0,0.0,0.007025064852663816,-0.0625733971444468,-0.06065588489247742,0.0,0.016570760494890518,0.01670881705981553
2023-08-28,442.239990234375,442.760009765625,61595400,0.006341360859106304,0.007795969421243942,440.7683359781901,444.78047834123885,0,0.0,1,0.0,0.0063213390295188574,-0.05625205811492795,-0.05469916488770277,0.0,0.016570760494890518,0.01670881705981553
2023-08-29,442.6499938964844,449.1600036621094,83081900,0.014454769525983568,0.015798085447151333,441.0608367919922,444.3695257277716,0,0.0,1,0.0,0.014351295283905607,-0.04190076283102234,-0.04103505918343464,0.0,0.016570760494890518,0.01670881705981553
2023-08-30,449.510009765625,451.010009765625,69053900,0.004118813092065299,0.006439713570788541,441.30250549316406,444.1090494791667,0,0.0,1,0.0,0.004110354001076374,-0.03779040882994597,-0.037085261830367755,0.0,0.016570760494890518,0.01670881705981553
2023-08-31,451.6499938964844,450.3500061035156,66084600,-0.0014633902747576144,0.005931186441344494,441.9241714477539,444.1195257277716,0,0.0,1,0.0,-0.0014644620760757739,-0.03925487090602174,-0.03849438189362597,0.0,0.016570760494890518,0.01670881705981553
2023-09-01,453.1700134277344,451.19000244140625,58875700,0.0018652077861802674,0.008873022631518124,442.8866704305013,444.23143078031995,0,0.0,1,0.0,0.0018634704461354505,-0.03739140045988629,-0.036700974128277886,-0.0,0.016570760494890518,0.01670881705981553
2023-09-05,450.7300109863281,449.239990234375,55166200,-0.0043219313293283435,0.004207725525656514,443.96583557128906,444.3471447172619,1,0.0,0,0.0,-0.004331297871981201,-0.04172269833186749,-0.04086428636770445,-0.0,0.016570760494890518,0.01670881705981553
2023-09-06,448.3999938964844,446.2200012207031,70758500,-0.006722440297659893,0.010590144955918257,444.77583567301434,444.13333565848217,0,1.0,1,0.0,-0.006745137677816119,-0.04846783600968361,-0.04731201893995096,-0.0,0.016570760494890518,0.01670881705981553
2023-09-07,443.1099853515625,444.8500061035156,70355400,-0.003070223462506516,0.006324083101002298,445.2350031534831,443.94762166341144,1,1.0,0,1.0,-0.0030749462677503296,-0.05154278227743394,-0.0502369839318495,0.004031510931591894,0.02060227142648241,0.020815963209524835
2023-09-08,444.8999938964844,445.5199890136719,61659700,0.0015060872225780564,0.005803852561920175,445.8491694132487,443.9366687593006,0,1.0,1,0.0,0.0015049542106842105,-0.05003782806674973,-0.04880655798887201,0.0,0.02060227142648241,0.020815963209524835
2023-09-11,448.239990234375,448.45001220703125,60180100,0.006576636886363119,0.0051514945834665316,446.30083719889325,444.05762154715404,1,1.0,0,1.0,0.006555105162656671,-0.04348272290409306,-0.04255090411207496,-0.002882022624719181,0.01772024880176323,0.017878183914523893
2023-09-12,446.95001220703125,445.989990234375,67565400,-0.005485610225651083,0.007049965260981228,447.0591684977214,444.0738118489583,0,1.0,1,0.0,-0.005500711436984432,-0.04898343434107749,-0.047803096663018074,-0.0,0.01772024880176323,0.017878183914523893
2023-09-13,446.2200012207031,446.510009765625,60199300,0.001165989243338661,0.005909061207328481,447.60416920979816,443.99762253534226,1,1.0,0,1.0,0.0011653100058186942,-0.047818124335258796,-0.04669284531618678,0.006366687226085398,0.02408693602784863,0.024379369493062963
2023-09-14,449.07000732421875,450.3599853515625,83430800,0.008622372403159329,0.0075046576932045195,448.2375005086263,444.35333542596726,0,1.0,1,0.0,0.008585412055525241,-0.03923271227973356,-0.038473076013906815,-0.0,0.02408693602784863,0.024379369493062963
2023-09-15,447.1400146484375,443.3699951171875,111761400,-0.015520895420845227,0.01029530709914006,447.7549997965495,444.5309535435268,0,1.0,1,1.0,-0.01564260552722776,-0.05487531780696132,-0.0533968348454219,-0.009189174501360253,0.014897761526488376,0.015009286310709191
2023-09-18,443.04998779296875,443.6300048828125,55752200,0.0005864396970667318,0.005445597603498387,447.13999938964844,444.8804771786644,1,1.0,0,1.0,0.0005862678085058179,-0.0542890499984555,-0.05284170917200626,-0.000835458089637629,0.014062303436850747,0.01416164272605247
2023-09-19,442.67999267578125,442.7099914550781,66514600,-0.0020738304839804655,0.00761468855963332,446.5033315022786,445.1761910574777,0,1.0,1,0.0,-0.0020759838480750876,-0.056365033846530584,-0.05480595490868023,0.0,0.014062303436850747,0.01416164272605247
2023-09-20,444.010009765625,438.6400146484375,82562600,-0.009193324942280201,0.013708026061231227,445.45749918619794,445.14285859607514,0,1.0,1,1.0,-0.009235844351152545,-0.06560087819768312,-0.0634954308987129,-0.018893145554822438,-0.0048308421179716916,-0.004819192367105929
2023-09-21,435.70001220703125,431.3900146484375,103976100,-0.016528359834683037,0.010991791187105582,443.9700012207031,444.82095482235866,1,0.0,0,1.0,-0.016666477191231367,-0.08226735538891448,-0.07897431540364375,-0.007487220160318393,-0.012318062278290085,-0.012242505505022483
2023-09-22,432.45001220703125,430.4200134277344,100829700,-0.0022485481530990503,0.009558398945287871,442.65333557128906,444.22047932942706,0,0.0,1,0.0,-0.0022510799334294423,-0.08451843532234393,-0.08104528600569971,-0.0,-0.012318062278290085,-0.012242505505022483
2023-09-25,429.1700134277344,432.2300109863281,70874500,0.004205189122549191,0.008280434276126236,441.60166931152344,443.99857439313615,0,0.0,1,0.0,0.0041963720245047674,-0.08032206329783917,-0.07718090763829555,-0.0,-0.012318062278290085,-0.012242505505022483
2023-09-26,429.0899963378906,425.8800048828125,96168400,-0.014691266090073651,0.01129362955772062,439.96500396728516,443.32762218656995,0,0.0,1,0.0,-0.014800251479124848,-0.09512231477696402,-0.09073828847718168,-0.0,-0.012318062278290085,-0.012242505505022483
2023-09-27,427.0899963378906,426.04998779296875,104705800,0.00039913334321250993,0.012740071453147372,438.0983352661133,442.5319068545387,0,0.0,1,0.0,0.0003990537106883037,-0.09472326106627571,-0.09037537181040645,-0.0,-0.012318062278290085,-0.012242505505022483
2023-09-28,425.4800109863281,428.5199890136719,92258300,0.005797444646104211,0.012662708462923167,436.6425018310547,441.5490490141369,0,0.0,1,0.0,0.005780704134190364,-0.08894255693208535,-0.08510187337974406,0.0,-0.012318062278290085,-0.012242505505022483
2023-09-29,431.6700134277344,427.4800109863281,115078500,-0.0024269066881511536,0.013946614050696748,435.0566685994466,440.4285728817894,0,0.0,1,0.0,-0.002429856399603727,-0.09137241333168908,-0.08732224576221581,-0.0,-0.012318062278290085,-0.012242505505022483
2023-10-02,426.6199951171875,427.30999755859375,83798600,-0.00039771082475204,0.009753603948031042,433.1358362833659,439.3314296177455,0,0.0,1,0.0,-0.00039778993267751666,-0.09177020326436659,-0.08768522758458652,-0.0,-0.012318062278290085,-0.012242505505022483
2023-10-03,425.05999755859375,421.5899963378906,103760600,-0.013386069255070021,0.01711172013598028,431.3208363850911,437.9219055175781,0,0.0,1,0.0,-0.01347647032989409,-0.10524667359426068,-0.09989753631056264,-0.0,-0.012318062278290085,-0.012242505505022483
2023-10-04,422.07000732421875,424.6600036621094,87453000,0.007281973839242228,0.011579786821044546,429.74000295003253,436.75142996651783,1,0.0,0,0.0,0.007255588282934912,-0.09799108531132578,-0.09334301371733877,0.0,-0.012318062278290085,-0.012242505505022483
2023-10-05,424.3599853515625,424.5,70142700,-0.0003767806262175988,0.009972176450244286,428.2225036621094,435.7171441941034,0,0.0,1,0.0,-0.0003768516258725016,-0.09836793693719828,-0.09368462450439485,-0.0,-0.012318062278290085,-0.012242505505022483
2023-10-06,421.9700012207031,429.5400085449219,113202700,0.011872811648814707,0.025035660072494803,427.4641698201497,434.9880966913132,0,0.0,1,0.0,0.011802882777938796,-0.08656505415925948,-0.08292411275671074,0.0,-0.012318062278290085,-0.012242505505022483
2023-10-09,427.5799865722656,432.2900085449219,80374400,0.00640219757250482,0.013746738912301826,427.53916931152344,434.3580976213728,0,0.0,1,0.0,0.0063817905591359225,-0.08018326360012357,-0.07705281173759904,0.0,-0.012318062278290085,-0.012242505505022483
2023-10-10,432.94000244140625,434.5400085449219,78607300,0.00520483924107662,0.010843184182929733,427.88250223795575,433.6957164946057,0,0.0,1,0.0,0.0051913408829109865,-0.07499192271721258,-0.07224901999468958,0.0,-0.012318062278290085,-0.012242505505022483
2023-10-11,435.6400146484375,436.32000732421875,62451700,0.004096282837700693,0.00784891720294456,428.2233352661133,433.23524111793154,0,0.0,1,0.0,0.004087915912236972,-0.0709040068049756,-0.06844868957763384,0.0,-0.012318062278290085,-0.012242505505022483
2023-10-12,436.95001220703125,433.6600036621094,81154200,-0.006096451268467251,0.01416873871460722,428.8716684977214,432.62333606538317,0,0.0,1,0.0,-0.006115110502897607,-0.07701911730787321,-0.07412784674570061,-0.0,-0.012318062278290085,-0.012242505505022483
2023-10-13,435.2099914550781,431.5,95143100,-0.004980868984616693,0.015283351748378582,429.3258361816406,431.7252415248326,0,0.0,1,0.0,-0.004993314857244581,-0.08201243216511779,-0.07873949463756524,-0.0,-0.012318062278290085,-0.012242505505022483
2023-10-16,433.82000732421875,436.0400085449219,75433200,0.010521456651035654,0.008233981280788116,429.95250447591144,431.3761945452009,0,0.0,1,0.0,0.01046649133332179,-0.071545940831796,-0.06904649216608316,-0.0,-0.012318062278290085,-0.012242505505022483
2023-10-17,432.80999755859375,436.0199890136719,75324700,-4.591214305493807e-05,0.013157595747002038,430.66416931152344,431.0138128371466,0,0.0,1,0.0,-4.5913197049638914e-05,-0.07159185402884563,-0.06908923423671232,0.0,-0.012318062278290085,-0.012242505505022483
2023-10-18,434.19000244140625,430.2099914550781,93559800,-0.013325071567788949,0.014192818266252516,430.9058354695638,430.41857474190846,1,1.0,0,0.0,-0.013414646956172782,-0.08500650098501841,-0.08149368681373337,-0.0,-0.012318062278290085,-0.012242505505022483
2023-10-19,430.95001220703125,426.42999267578125,121323000,-0.008786403975676982,0.01665373864873798,431.3091684977214,429.83714512416293,0,1.0,1,0.0,-0.00882523202971711,-0.09383173301473552,-0.08956405433559755,-0.0,-0.012318062278290085,-0.012242505505022483
2023-10-20,425.9800109863281,421.19000244140625,123845800,-0.01228804334679856,0.01296670976244374,431.0200017293294,429.35143025716144,0,1.0,1,1.0,-0.012364165589842322,-0.10619589860457784,-0.10075153070040532,-0.015066749051494018,-0.027384811329784105,-0.02701324685106843
2023-10-23,419.6099853515625,420.4599914550781,92035100,-0.0017332106225139698,0.01591676545801568,430.68333435058594,428.8771434965588,0,1.0,1,1.0,-0.0017347143698367156,-0.10793061297441456,-0.1023101176996748,0.007218725384199374,-0.02016608594558473,-0.01996411039834478
2023-10-24,422.6499938964844,423.6300048828125,78564200,0.0075393937405647815,0.009697241014744007,430.19083404541016,428.46761939639134,0,1.0,1,1.0,0.007511114561209817,-0.10041949841320474,-0.09554208022009136,-0.0017997476626195753,-0.021965833608204303,-0.021726341438671803
2023-10-25,421.8900146484375,417.54998779296875,94223200,-0.014352187096675628,0.01175009482315681,428.9624989827474,428.0709519159226,0,1.0,1,1.0,-0.014456175911054608,-0.11487567432425935,-0.1085230295058427,-0.012978215577786719,-0.03494404918599102,-0.03434055582194351
2023-10-26,416.45001220703125,412.54998779296875,115156800,-0.011974614168780984,0.013921235140382793,427.12999725341797,427.4280947730655,0,0.0,1,1.0,-0.012046887403205692,-0.12692256172746505,-0.11919812226786397,-0.005441624055138986,-0.04038567324113,-0.0395810401781439
2023-10-27,414.19000244140625,410.67999267578125,107367700,-0.004532772203415858,0.013171757193101596,424.99332936604816,426.57857113792784,0,0.0,1,0.0,-0.004543076364740735,-0.1314656380922058,-0.12319059653596465,-0.0,-0.04038567324113,-0.0395810401781439
2023-10-30,413.55999755859375,415.5899963378906,86562700,0.011955789786880722,0.01081944457297257,423.4874954223633,426.0123799641927,1,0.0,0,0.0,0.011884883929670366,-0.11958075416253543,-0.11270764762498842,0.0,-0.04038567324113,-0.0395810401781439
2023-10-31,416.17999267578125,418.20001220703125,79665200,0.006280266349381947,0.010429510184056578,422.37916310628253,425.57857113792784,0,0.0,1,0.0,0.006260627657925518,-0.1133201265046099,-0.10713521532230363,0.0,-0.04038567324113,-0.0395810401781439
2023-11-01,419.20001220703125,422.6600036621094,98068100,0.010664732962442303,0.011584870832972882,421.26416269938153,425.62952386765255,0,0.0,1,0.0,0.010608265814448672,-0.10271186069016124,-0.09761305082214744,0.0,-0.04038567324113,-0.0395810401781439
2023-11-02,426.5799865722656,430.760009765625,94938900,0.019164354406221662,0.010221342587432236,420.8258310953776,425.9200003487723,1,0.0,0,0.0,0.018983031132927274,-0.08372882955723396,-0.08031938751655399,0.0,-0.04038567324113,-0.0395810401781439
2023-11-03,433.1400146484375,434.69000244140625,100110800,0.009123392577504053,0.007574879807217938,421.1991653442383,426.40523856026783,0,0.0,1,0.0,0.009082025844375438,-0.07464680371285852,-0.07192878024294813,0.0,-0.04038567324113,-0.0395810401781439
2023-11-06,435.4700012207031,435.69000244140625,67831700,0.002300489991450494,0.005695446556027051,421.97083282470703,426.6980954124814,1,0.0,0,0.0,0.002297847915620259,-0.07234895579723827,-0.06979376169054374,0.0,-0.04038567324113,-0.0395810401781439
2023-11-07,435.69000244140625,436.92999267578125,64256100,0.0028460378421049093,0.007088413392195347,423.2824986775716,426.91904703776044,1,0.0,0,0.0,0.00284199554427769,-0.06950696025296058,-0.06714635953535297,0.0,-0.04038567324113,-0.0395810401781439
2023-11-08,437.54998779296875,437.25,61746000,0.0007323995367289893,0.0074045145833421255,424.6816660563151,427.04809424990697,0,0.0,1,0.0,0.0007321314630716516,-0.06877482878988893,-0.0664631379612407,0.0,-0.04038567324113,-0.0395810401781439
2023-11-09,438.42999267578125,433.8399963378906,83174400,-0.007798750513686392,0.01169821734106824,425.5324986775716,426.92999848865327,1,0.0,0,0.0,-0.007829319807058255,-0.07660414859694718,-0.07374355904361074,-0.0,-0.04038567324113,-0.0395810401781439
2023-11-10,435.9800109863281,440.6099853515625,89462200,0.01560480608246917,0.01636587216944929,427.4541651407878,427.26094999767486,0,1.0,1,0.0,0.01548430309641447,-0.06111984550053271,-0.05928950689984813,0.0,-0.04038567324113,-0.0395810401781439
2023-11-13,439.2300109863281,440.19000244140625,52236100,-0.0009531851844464256,0.006637409459891996,429.7574996948242,427.67475963774183,0,1.0,1,1.0,-0.000953639754326823,-0.062073485254859534,-0.060186178204724494,0.01601298106131387,-0.024372692179816132,-0.024078076497026757
2023-11-14,446.32000732421875,448.7300109863281,97176900,0.019400732632628648,0.008899552227788599,432.92833455403644,428.27904546828495,0,1.0,1,1.0,0.019214937613587866,-0.04285854764127167,-0.041953101523625524,0.008455764845492078,-0.015916927334324052,-0.0157909224690147
2023-11-15,450.1099853515625,449.67999267578125,77327600,0.0021170451411640645,0.005748701336939277,435.76916758219403,428.9295218331473,1,1.0,0,1.0,0.0021148073588667295,-0.04074374028240494,-0.03992487299219882,-0.0019792166049733217,-0.017896143939297372,-0.017736958968885164
2023-11-16,449.2200012207031,450.2300109863281,66665800,0.001223132715498565,0.0054449756047332265,438.43833414713544,429.8828560965402,0,1.0,1,0.0,0.00122238529807709,-0.03952135498432785,-0.03875057369501911,0.0,-0.017896143939297372,-0.017736958968885164
2023-11-17,450.239990234375,450.7900085449219,83133200,0.0012438032670611943,0.004740824060857296,440.7825012207031,431.04285685221356,1,1.0,0,1.0,0.0012430303845870662,-0.03827832459974079,-0.037554968518120235,0.0006439125603192173,-0.017252231378978154,-0.017104263780899576
2023-11-20,450.5299987792969,454.260009765625,69936200,0.00769760011297449,0.010232655557045112,442.74083455403644,432.6176191057478,1,1.0,0,0.0,0.007668124752286348,-0.030610199847454438,-0.030146451535053576,0.0,-0.017252231378978154,-0.017104263780899576
2023-11-21,453.17999267578125,453.2699890136719,49244600,-0.0021794142796411897,0.004801339651211212,444.2891667683919,434.1799999418713,0,1.0,1,0.0,-0.0021817926592202913,-0.03279199250667473,-0.032260164207738806,0.0,-0.017252231378978154,-0.017104263780899576
2023-11-22,454.9800109863281,455.0199890136719,59394900,0.0038608335923762116,0.005485888990758303,445.8999989827474,435.6747610909598,1,1.0,0,1.0,0.0038533997022272832,-0.028938592804447445,-0.028523881741031376,0.0001977832786621313,-0.017054448100316023,-0.016909844213771175
2023-11-24,455.07000732421875,455.29998779296875,29737400,0.0006153548988119262,0.0016932883140958754,447.4308319091797,437.47238013857884,1,1.0,0,0.0,0.0006151656456207858,-0.02832342715882666,-0.02792607915258194,-0.0,-0.017054448100316023,-0.016909844213771175
2023-11-27,454.6499938964844,454.4800109863281,50506000,-0.0018009594303206589,0.0031051878607404326,448.86666615804035,439.4690479096912,1,1.0,0,0.0,-0.0018025831074994956,-0.030126010266326154,-0.029676744847300873,-0.0,-0.017054448100316023,-0.016909844213771175
2023-11-28,454.0799865722656,454.92999267578125,62115000,0.000990102267592663,0.006108024285935709,450.62416585286456,441.5761907668341,0,1.0,1,0.0,0.0009896124396357015,-0.029136397826690454,-0.02871602559207631,0.0,-0.017054448100316023,-0.016909844213771175
2023-11-29,457.1499938964844,454.6099853515625,63146000,-0.0007034210304239785,0.009070882885202414,451.79083251953125,443.4342854817708,0,1.0,1,1.0,-0.0007036685470760853,-0.02984006637376654,-0.02939924716618858,-0.0036597191964692012,-0.020714167296785223,-0.020501102621788503
2023-11-30,455.4800109863281,456.3999938964844,79752700,0.003937459806426347,0.0075440363862917525,453.1416651407878,445.25333222888764,0,1.0,1,1.0,0.003929728299914877,-0.025910338073851662,-0.025577545713818317,0.00063644013636622,-0.020077727160419005,-0.019877511791903224
2023-12-01,455.7699890136719,459.1000061035156,89097900,0.005915890103284305,0.009864641440920918,454.0058314005534,446.98857044038317,0,1.0,1,1.0,0.005898459934950831,-0.020011878138900832,-0.01981296956008871,-0.00037302722941950217,-0.020450754389838507,-0.020243055984963676
2023-12-04,455.6000061035156,456.69000244140625,72430900,-0.005249408908885922,0.010520752779471287,454.58999888102215,448.2233319963728,0,1.0,1,1.0,-0.005263235464555216,-0.025275113603456047,-0.02495837209005447,-0.000746539199784225,-0.02119729358962273,-0.020974209998408377
2023-12-05,455.260009765625,456.6000061035156,69793500,-0.00019706220282800224,0.005979733220263128,455.1208318074544,449.26666550409226,0,1.0,1,1.0,-0.00019708162213514347,-0.02547219522559119,-0.025150515941099405,0.007767469916157062,-0.013429823673465669,-0.01334004594060656
2023-12-06,458.80999755859375,454.760009765625,69124700,-0.004029777295871284,0.00997116243014795,455.451665242513,450.1747610909598,0,1.0,1,1.0,-0.004037918727864448,-0.02951011395345564,-0.02907894225885177,-0.004149732714119203,-0.01757955638758487,-0.017425937487420495
2023-12-07,456.9100036621094,458.2300109863281,66995400,0.007630400972353568,0.005720014251211714,455.7824986775716,451.18904767717635,0,1.0,1,1.0,0.007601436708841672,-0.021908677244613966,-0.02167042527578511,0.0012029875482207663,-0.016376568839364104,-0.01624320185953243
